Id,Predicted
1,-84.14218570572991
2,-84.14218570572991
3,-1308.1146698552216
4,-84.14218570572991
5,-84.14218570572991
6,-84.14218570572991
7,-84.14218570572991
8,-84.14218570572991
9,-126.50662236765316
10,-84.14218570572991
11,-84.14218570572991
12,-84.14218570572991
13,-1156.6253842158035
14,-84.14218570572991
15,-7690.322346702493
16,-84.14218570572991
17,-84.14218570572991
18,-84.14218570572991
19,-2462.136666441351
20,-8947.164158997584
21,-1856.0733168931597
22,-7101.439916311092
23,-84.14218570572991
24,-84.14218570572991
25,-84.14218570572991
26,-84.14218570572991
27,-84.14218570572991
28,-84.14218570572991
29,-1850.5482698105839
30,-84.14218570572991
31,-26118.761562996828
32,-84.14218570572991
33,-84.14218570572991
34,-84.14218570572991
35,-84.14218570572991
36,-84.14218570572991
37,-84.14218570572991
38,-84.14218570572991
39,-84.14218570572991
40,-1064.4565427647144
41,-84.14218570572991
42,-7576.523671151094
43,-84.14218570572991
44,-1014.8440732765574
45,-84.14218570572991
46,-6918.735530617374
47,-84.14218570572991
48,-7860.86930748674
49,-84.14218570572991
50,-4622.586706770015
51,-84.14218570572991
52,-84.14218570572991
53,-84.14218570572991
54,-84.14218570572991
55,-84.14218570572991
56,-5438.105039551611
57,-84.14218570572991
58,-84.14218570572991
59,-84.14218570572991
60,-84.14218570572991
61,-7020.167641097583
62,-84.14218570572991
63,-84.14218570572991
64,-1007.4588552855437
65,-222.2935220888981
66,-84.14218570572991
67,-84.14218570572991
68,-84.14218570572991
69,-84.14218570572991
70,-32228.298416588485
71,-5562.462898550777
72,-84.14218570572991
73,-84.14218570572991
74,-84.14218570572991
75,-84.14218570572991
76,-84.14218570572991
77,-84.14218570572991
78,-84.14218570572991
79,-84.14218570572991
80,-84.14218570572991
81,-84.14218570572991
82,-84.14218570572991
83,-84.14218570572991
84,-84.14218570572991
85,-84.14218570572991
86,-22602.313134145013
87,-84.14218570572991
88,-84.14218570572991
89,-84.14218570572991
90,-84.14218570572991
91,-84.14218570572991
92,-24037.26921566975
93,-84.14218570572991
94,-996.4806610396022
95,-84.14218570572991
96,-84.14218570572991
97,-84.14218570572991
98,-84.14218570572991
99,-84.14218570572991
100,-84.14218570572991
101,-84.14218570572991
102,-84.14218570572991
103,-84.14218570572991
104,-84.14218570572991
105,-84.14218570572991
106,-84.14218570572991
107,-7899.414251502831
108,-84.14218570572991
109,-84.14218570572991
110,-1644.095048072038
111,-84.14218570572991
112,-84.14218570572991
113,-84.14218570572991
114,-84.14218570572991
115,-84.14218570572991
116,-84.14218570572991
117,-84.14218570572991
118,-84.14218570572991
119,-5218.072528476336
120,-84.14218570572991
121,-2447.314241382367
122,-24959.50631327254
123,-84.14218570572991
124,-6837.728074092697
125,-84.14218570572991
126,-84.14218570572991
127,-84.14218570572991
128,-6170.598501722206
129,-2126.6958738096337
130,-84.14218570572991
131,-10914.105104173686
132,-84.14218570572991
133,-1261.3118279905657
134,-84.14218570572991
135,-84.14218570572991
136,-7813.850948013351
137,-84.14218570572991
138,-84.14218570572991
139,-6050.822610547756
140,-84.14218570572991
141,-84.14218570572991
142,-876.3679538481314
143,-84.14218570572991
144,-1071.913220293481
145,-84.14218570572991
146,-84.14218570572991
147,-6875.559439400664
148,-1449.5054190323347
149,-84.14218570572991
150,-22878.784107305546
151,-75.67177089146665
152,-84.14218570572991
153,-84.14218570572991
154,-874.8535816624812
155,-84.14218570572991
156,-84.14218570572991
157,-16046.379190798398
158,-84.14218570572991
159,-84.14218570572991
160,-84.14218570572991
161,-1643.4477131844344
162,-8287.931134208353
163,-84.14218570572991
164,-84.14218570572991
165,-10388.81063129937
166,-84.14218570572991
167,-84.14218570572991
168,-371.37494278918666
169,-84.14218570572991
170,-84.14218570572991
171,-84.14218570572991
172,-84.14218570572991
173,-4795.667311123934
174,-84.14218570572991
175,-84.14218570572991
176,-84.14218570572991
177,-84.14218570572991
178,-6062.381324262988
179,-84.14218570572991
180,-971.0865257862474
181,-84.14218570572991
182,-84.14218570572991
183,-84.14218570572991
184,-84.14218570572991
185,-84.14218570572991
186,-84.14218570572991
187,-84.14218570572991
188,-84.14218570572991
189,-84.14218570572991
190,-84.14218570572991
191,-6681.43755391636
192,-84.14218570572991
193,-622.5274535165655
194,-84.14218570572991
195,-2630.350121175622
196,-5351.7662563796175
197,-84.14218570572991
198,-84.14218570572991
199,-2566.2156458243817
200,-882.4871209499054
201,-84.14218570572991
202,-84.14218570572991
203,-36621.90251919154
204,-84.14218570572991
205,-10144.22472714043
206,-84.14218570572991
207,-84.14218570572991
208,-84.14218570572991
209,-84.14218570572991
210,-84.14218570572991
211,-84.14218570572991
212,-84.14218570572991
213,-27293.93578055199
214,-4367.69030660414
215,-84.14218570572991
216,-84.14218570572991
217,-84.14218570572991
218,-84.14218570572991
219,-84.14218570572991
220,-84.14218570572991
221,-84.14218570572991
222,-12931.247298420361
223,-28941.263484606934
224,-84.14218570572991
225,-84.14218570572991
226,-84.14218570572991
227,-84.14218570572991
228,-84.14218570572991
229,-84.14218570572991
230,-84.14218570572991
231,-84.14218570572991
232,-2904.9182118258623
233,-84.14218570572991
234,-84.14218570572991
235,-4166.8905131223
236,-8779.471149553063
237,-84.14218570572991
238,-4539.260381364769
239,-84.14218570572991
240,-84.14218570572991
241,-84.14218570572991
242,-2919.0323370519054
243,-17479.735837412605
244,-84.14218570572991
245,-84.14218570572991
246,-84.14218570572991
247,-84.14218570572991
248,-84.14218570572991
249,-84.14218570572991
250,-825.6505660232835
251,-84.14218570572991
252,-84.14218570572991
253,-5366.3933312324225
254,-812.953741795701
255,-84.14218570572991
256,-6320.251282080084
257,-84.14218570572991
258,-84.14218570572991
259,-84.14218570572991
260,-84.14218570572991
261,-3836.8610118828
262,-84.14218570572991
263,-84.14218570572991
264,-84.14218570572991
265,-8705.252665512133
266,-9245.514012384678
267,-6548.913112030738
268,-84.14218570572991
269,-84.14218570572991
270,-9857.461156838512
271,-84.14218570572991
272,-959.354337243888
273,-84.14218570572991
274,-84.14218570572991
275,-84.14218570572991
276,-6447.82204780377
277,-84.14218570572991
278,-84.14218570572991
279,-84.14218570572991
280,-418.79022307675734
281,-84.14218570572991
282,-8284.023534036287
283,-84.14218570572991
284,-1439.1239182260622
285,-8155.366017581386
286,-3963.6187179260132
287,-84.14218570572991
288,-84.14218570572991
289,-84.14218570572991
290,-84.14218570572991
291,-84.14218570572991
292,-84.14218570572991
293,-84.14218570572991
294,-84.14218570572991
295,-84.14218570572991
296,-84.14218570572991
297,-84.14218570572991
298,-84.14218570572991
299,-84.14218570572991
300,-84.14218570572991
301,-84.14218570572991
302,-84.14218570572991
303,-84.14218570572991
304,-11905.001019983305
305,-84.14218570572991
306,-84.14218570572991
307,-6184.126412762384
308,-84.14218570572991
309,-84.14218570572991
310,-84.14218570572991
311,-84.14218570572991
312,-84.14218570572991
313,-8365.53329957019
314,-84.14218570572991
315,-84.14218570572991
316,-84.14218570572991
317,-84.14218570572991
318,-84.14218570572991
319,-84.14218570572991
320,-84.14218570572991
321,-84.14218570572991
322,-84.14218570572991
323,-84.14218570572991
324,-1271.556127597863
325,-390.9443990741609
326,-84.14218570572991
327,-84.14218570572991
328,-745.6368035427552
329,-84.14218570572991
330,-20705.6313478066
331,-10482.426166840358
332,-84.14218570572991
333,-84.14218570572991
334,-84.14218570572991
335,-84.14218570572991
336,-8237.728553186123
337,-84.14218570572991
338,-84.14218570572991
339,-9894.235361278143
340,-84.14218570572991
341,-7235.759589500874
342,-84.14218570572991
343,-84.14218570572991
344,-84.14218570572991
345,-84.14218570572991
346,-2231.0334672683407
347,-84.14218570572991
348,-84.14218570572991
349,-3474.531294688472
350,-84.14218570572991
351,-84.14218570572991
352,-84.14218570572991
353,-84.14218570572991
354,-84.14218570572991
355,-84.14218570572991
356,-2264.590143996846
357,-84.14218570572991
358,-84.14218570572991
359,-84.14218570572991
360,-84.14218570572991
361,-84.14218570572991
362,-84.14218570572991
363,-84.14218570572991
364,-84.14218570572991
365,-719.5211260655976
366,-7514.252492399672
367,-84.14218570572991
368,-4685.380361372627
369,-84.14218570572991
370,-84.14218570572991
371,-84.14218570572991
372,-84.14218570572991
373,-84.14218570572991
374,-7798.810791637108
375,-84.14218570572991
376,-84.14218570572991
377,-84.14218570572991
378,-3548.589069024768
379,-6478.9867117776375
380,-84.14218570572991
381,-84.14218570572991
382,-84.14218570572991
383,-624.8630988952378
384,-84.14218570572991
385,-84.14218570572991
386,-7702.976919261389
387,-4896.062480628969
388,-84.14218570572991
389,-84.14218570572991
390,-84.14218570572991
391,-84.14218570572991
392,-4573.074182699522
393,-84.14218570572991
394,-16703.005169880194
395,-6764.299567294167
396,-84.14218570572991
397,-84.14218570572991
398,-84.14218570572991
399,-3830.2210915620526
400,-84.14218570572991
401,-84.14218570572991
402,-84.14218570572991
403,-84.14218570572991
404,-84.14218570572991
405,-84.14218570572991
406,-84.14218570572991
407,-84.14218570572991
408,-84.14218570572991
409,-84.14218570572991
410,-84.14218570572991
411,-84.14218570572991
412,-84.14218570572991
413,-84.14218570572991
414,-4367.013446102803
415,-84.14218570572991
416,-84.14218570572991
417,-84.14218570572991
418,-84.14218570572991
419,-84.14218570572991
420,-84.14218570572991
421,-84.14218570572991
422,-84.14218570572991
423,-863.8774943716874
424,-84.14218570572991
425,-84.14218570572991
426,-84.14218570572991
427,-84.14218570572991
428,-84.14218570572991
429,-84.14218570572991
430,-84.14218570572991
431,-84.14218570572991
432,-84.14218570572991
433,-84.14218570572991
434,-84.14218570572991
435,-2414.9491043390335
436,-6774.824183172955
437,-84.14218570572991
438,-84.14218570572991
439,-17052.210573692206
440,-84.14218570572991
441,-84.14218570572991
442,-84.14218570572991
443,-84.14218570572991
444,-84.14218570572991
445,-4985.297779025943
446,-84.14218570572991
447,-84.14218570572991
448,-84.14218570572991
449,-84.14218570572991
450,-84.14218570572991
451,-2561.259046022832
452,-84.14218570572991
453,-84.14218570572991
454,-84.14218570572991
455,-84.14218570572991
456,-588.2795649835521
457,-84.14218570572991
458,-84.14218570572991
459,-84.14218570572991
460,-3907.1616307365084
461,-84.14218570572991
462,-84.14218570572991
463,-4196.476078909003
464,-11428.594848361574
465,-84.14218570572991
466,-84.14218570572991
467,-84.14218570572991
468,-84.14218570572991
469,-9469.46841697245
470,-84.14218570572991
471,-84.14218570572991
472,-84.14218570572991
473,-9805.130356435919
474,-84.14218570572991
475,-84.14218570572991
476,-84.14218570572991
477,-84.14218570572991
478,-84.14218570572991
479,-84.14218570572991
480,-84.14218570572991
481,-84.14218570572991
482,-12816.433778875991
483,-84.14218570572991
484,-84.14218570572991
485,-4120.539206234836
486,-84.14218570572991
487,-84.14218570572991
488,-84.14218570572991
489,-84.14218570572991
490,-84.14218570572991
491,-84.14218570572991
492,-84.14218570572991
493,-5037.108980076204
494,-1629.5634203218117
495,-10736.231904152663
496,-1660.1789380430723
497,-84.14218570572991
498,-84.14218570572991
499,-84.14218570572991
500,-84.14218570572991
501,-7893.984098800515
502,-8000.476242675208
503,-84.14218570572991
504,-84.14218570572991
505,-84.14218570572991
506,-9827.23643876176
507,-84.14218570572991
508,-84.14218570572991
509,-84.14218570572991
510,-84.14218570572991
511,-84.14218570572991
512,-12871.429243438051
513,-84.14218570572991
514,-84.14218570572991
515,-84.14218570572991
516,-84.14218570572991
517,-84.14218570572991
518,-84.14218570572991
519,-84.14218570572991
520,-84.14218570572991
521,-84.14218570572991
522,-84.14218570572991
523,-84.14218570572991
524,-5051.404507339026
525,-84.14218570572991
526,-179.61946576327438
527,-84.14218570572991
528,-84.14218570572991
529,-84.14218570572991
530,-84.14218570572991
531,-84.14218570572991
532,-1327.7570176396434
533,-84.14218570572991
534,-84.14218570572991
535,-84.14218570572991
536,-84.14218570572991
537,-84.14218570572991
538,-36591.68388372307
539,-3437.787978439985
540,-84.14218570572991
541,-1984.2749002640612
542,-84.14218570572991
543,-84.14218570572991
544,-84.14218570572991
545,-84.14218570572991
546,-84.14218570572991
547,-1573.441866894369
548,-84.14218570572991
549,-84.14218570572991
550,-84.14218570572991
551,-84.14218570572991
552,-84.14218570572991
553,-84.14218570572991
554,-84.14218570572991
555,-84.14218570572991
556,-3187.9856539412754
557,-84.14218570572991
558,-84.14218570572991
559,-84.14218570572991
560,-84.14218570572991
561,-84.14218570572991
562,-550.7930265243351
563,-83.22800813679086
564,-5768.695185791655
565,-15833.457070744442
566,-6814.486273528542
567,-84.14218570572991
568,-84.14218570572991
569,-84.14218570572991
570,-84.14218570572991
571,-5602.64972043514
572,-84.14218570572991
573,-13646.830523796692
574,-84.14218570572991
575,-84.14218570572991
576,-84.14218570572991
577,-84.14218570572991
578,-18750.7341894981
579,-84.14218570572991
580,-84.14218570572991
581,-84.14218570572991
582,-924.0387151761851
583,-84.14218570572991
584,-3846.2550608095453
585,-5637.789418857505
586,-4401.573066028536
587,-84.14218570572991
588,-84.14218570572991
589,-84.14218570572991
590,-84.14218570572991
591,-9955.082578735875
592,-84.14218570572991
593,-84.14218570572991
594,-3179.057931381566
595,-84.14218570572991
596,-4889.135270811043
597,-84.14218570572991
598,-84.14218570572991
599,-84.14218570572991
600,-11509.511374376794
601,-84.14218570572991
602,-84.14218570572991
603,-84.14218570572991
604,-84.14218570572991
605,-84.14218570572991
606,-84.14218570572991
607,-84.14218570572991
608,-84.14218570572991
609,-84.14218570572991
610,-84.14218570572991
611,-84.14218570572991
612,-84.14218570572991
613,-84.14218570572991
614,-84.14218570572991
615,-84.14218570572991
616,-7177.738816806997
617,-84.14218570572991
618,-7318.691717138339
619,-20553.082827554827
620,-888.4893286420664
621,-84.14218570572991
622,-84.14218570572991
623,-84.14218570572991
624,-84.14218570572991
625,-84.14218570572991
626,-84.14218570572991
627,-84.14218570572991
628,-84.14218570572991
629,-2069.8250928433954
630,-3117.033959490088
631,-84.14218570572991
632,-84.14218570572991
633,-84.14218570572991
634,-84.14218570572991
635,-84.14218570572991
636,-8705.230566941704
637,-84.14218570572991
638,-4351.142039089217
639,-84.14218570572991
640,-84.14218570572991
641,-24306.187675099693
642,-15136.017916117438
643,-84.14218570572991
644,-84.14218570572991
645,-84.14218570572991
646,-84.14218570572991
647,-84.14218570572991
648,-84.14218570572991
649,-84.14218570572991
650,-84.14218570572991
651,-84.14218570572991
652,-84.14218570572991
653,-84.14218570572991
654,-6503.037432106023
655,-12572.406984895411
656,-35920.6981786393
657,-84.14218570572991
658,-84.14218570572991
659,-84.14218570572991
660,-84.14218570572991
661,-84.14218570572991
662,-84.14218570572991
663,-370.82170196174684
664,-84.14218570572991
665,-6922.830466191106
666,-84.14218570572991
667,-84.14218570572991
668,-84.14218570572991
669,-5851.07284244981
670,-9536.463136969483
671,-12308.655193854496
672,-84.14218570572991
673,-84.14218570572991
674,-3362.119829179117
675,-84.14218570572991
676,-84.14218570572991
677,-84.14218570572991
678,-7638.646097340913
679,-84.14218570572991
680,-84.14218570572991
681,-84.14218570572991
682,-84.14218570572991
683,-84.14218570572991
684,-8577.3385985817
685,-8000.476242675208
686,-84.14218570572991
687,-84.14218570572991
688,-84.14218570572991
689,-84.14218570572991
690,-84.14218570572991
691,-84.14218570572991
692,-84.14218570572991
693,-28209.101404944657
694,-20371.53657526147
695,-17117.258834888453
696,-84.14218570572991
697,-84.14218570572991
698,-84.14218570572991
699,-84.14218570572991
700,-84.14218570572991
701,-84.14218570572991
702,-84.14218570572991
703,-84.14218570572991
704,-84.14218570572991
705,-84.14218570572991
706,-1955.8295621225066
707,-2819.027344675506
708,-84.14218570572991
709,-84.14218570572991
710,-19617.46705998821
711,-84.14218570572991
712,-20684.33567677514
713,-84.14218570572991
714,-84.14218570572991
715,-84.14218570572991
716,-84.14218570572991
717,-84.14218570572991
718,-84.14218570572991
719,-1481.8240976950997
720,-84.14218570572991
721,-84.14218570572991
722,-84.14218570572991
723,-84.14218570572991
724,-84.14218570572991
725,-84.14218570572991
726,-13158.975889940279
727,-84.14218570572991
728,-84.14218570572991
729,-84.14218570572991
730,-84.14218570572991
731,-84.14218570572991
732,-84.14218570572991
733,-84.14218570572991
734,-84.14218570572991
735,-84.14218570572991
736,-16573.039998839195
737,-84.14218570572991
738,-84.14218570572991
739,-84.14218570572991
740,-84.14218570572991
741,-84.14218570572991
742,-84.14218570572991
743,-15811.399704005955
744,-84.14218570572991
745,-84.14218570572991
746,-84.14218570572991
747,-4818.703214999277
748,-84.14218570572991
749,-84.14218570572991
750,-84.14218570572991
751,-84.14218570572991
752,-7370.4006478388
753,-1127.1106897121115
754,-84.14218570572991
755,-84.14218570572991
756,-84.14218570572991
757,-84.14218570572991
758,-84.14218570572991
759,-84.14218570572991
760,-84.14218570572991
761,-84.14218570572991
762,-84.14218570572991
763,-84.14218570572991
764,-84.14218570572991
765,-84.14218570572991
766,-84.14218570572991
767,-84.14218570572991
768,-84.14218570572991
769,-5646.96713099247
770,-84.14218570572991
771,-84.14218570572991
772,-13285.955824482406
773,-84.14218570572991
774,-1336.7325734050876
775,-4065.6876086737384
776,-84.14218570572991
777,-5290.93974620551
778,-84.14218570572991
779,-84.14218570572991
780,-84.14218570572991
781,-84.14218570572991
782,-84.14218570572991
783,-84.14218570572991
784,-84.14218570572991
785,-84.14218570572991
786,-84.14218570572991
787,-84.14218570572991
788,-84.14218570572991
789,-84.14218570572991
790,-84.14218570572991
791,-19266.97735490164
792,-84.14218570572991
793,-84.14218570572991
794,-84.14218570572991
795,-84.14218570572991
796,-6604.783085379922
797,-8167.670773564962
798,-84.14218570572991
799,-84.14218570572991
800,-84.14218570572991
801,-3252.1234850869196
802,-84.14218570572991
803,-127.15655546566771
804,-84.14218570572991
805,-84.14218570572991
806,-14721.37494689278
807,-84.14218570572991
808,-84.14218570572991
809,-84.14218570572991
810,-84.14218570572991
811,-4892.367425821635
812,-84.14218570572991
813,-84.14218570572991
814,-22699.774703080147
815,-84.14218570572991
816,-2243.9488369270903
817,-84.14218570572991
818,-84.14218570572991
819,-19274.133190424174
820,-84.14218570572991
821,-84.14218570572991
822,-22699.774703080147
823,-84.14218570572991
824,-84.14218570572991
825,-84.14218570572991
826,-33915.99429150329
827,-84.14218570572991
828,-84.14218570572991
829,-84.14218570572991
830,-84.14218570572991
831,-151.67572065777904
832,-84.14218570572991
833,-84.14218570572991
834,-84.14218570572991
835,-84.14218570572991
836,-84.14218570572991
837,-84.14218570572991
838,-84.14218570572991
839,-11705.24212664645
840,-84.14218570572991
841,-84.14218570572991
842,-84.14218570572991
843,-84.14218570572991
844,-84.14218570572991
845,-84.14218570572991
846,-1233.3395652844654
847,-84.14218570572991
848,-84.14218570572991
849,-84.14218570572991
850,-84.14218570572991
851,-84.14218570572991
852,-84.14218570572991
853,-84.14218570572991
854,-84.14218570572991
855,-19074.502943114527
856,-2118.202766123007
857,-1207.2045366331138
858,-7992.535818857505
859,-84.14218570572991
860,-7773.773439633721
861,-84.14218570572991
862,-84.14218570572991
863,-84.14218570572991
864,-84.14218570572991
865,-84.14218570572991
866,-7713.64091776317
867,-84.14218570572991
868,-84.14218570572991
869,-84.14218570572991
870,-84.14218570572991
871,-84.14218570572991
872,-84.14218570572991
873,-84.14218570572991
874,-84.14218570572991
875,-84.14218570572991
876,-84.14218570572991
877,-84.14218570572991
878,-84.14218570572991
879,-84.14218570572991
880,-84.14218570572991
881,-84.14218570572991
882,-84.14218570572991
883,-1732.144839597087
884,-10271.287694455317
885,-488.8230062640009
886,-84.14218570572991
887,-10067.312916200979
888,-84.14218570572991
889,-84.14218570572991
890,-84.14218570572991
891,-84.14218570572991
892,-2847.6630527756815
893,-84.14218570572991
894,-4808.941860853818
895,-84.14218570572991
896,-84.14218570572991
897,-84.14218570572991
898,-3872.213554734265
899,-84.14218570572991
900,-3972.8704582209048
901,-4367.639557466211
902,-84.14218570572991
903,-84.14218570572991
904,-84.14218570572991
905,-84.14218570572991
906,-84.14218570572991
907,-84.14218570572991
908,-1238.4229960921837
909,-84.14218570572991
910,-84.14218570572991
911,-84.14218570572991
912,-7605.31571527263
913,-84.14218570572991
914,-84.14218570572991
915,-84.14218570572991
916,-2209.064014739235
917,-84.14218570572991
918,-84.14218570572991
919,-84.14218570572991
920,-17910.821454986664
921,-84.14218570572991
922,-84.14218570572991
923,-8158.423796025351
924,-84.14218570572991
925,-84.14218570572991
926,-84.14218570572991
927,-84.14218570572991
928,-7520.008725265821
929,-84.14218570572991
930,-3220.463976294295
931,-13944.353276658674
932,-84.14218570572991
933,-84.14218570572991
934,-21918.20288685266
935,-6983.424436057838
936,-3286.115430720321
937,-7199.666788943274
938,-84.14218570572991
939,-84.14218570572991
940,-3707.98573066039
941,-84.14218570572991
942,-9010.165586024003
943,-8202.549099150157
944,-84.14218570572991
945,-84.14218570572991
946,-84.14218570572991
947,-2825.351332203665
948,-84.14218570572991
949,-16274.754219800545
950,-84.14218570572991
951,-84.14218570572991
952,-84.14218570572991
953,-84.14218570572991
954,-18385.880373294232
955,-84.14218570572991
956,-84.14218570572991
957,-84.14218570572991
958,-84.14218570572991
959,-84.14218570572991
960,-84.14218570572991
961,-84.14218570572991
962,-84.14218570572991
963,-84.14218570572991
964,-84.14218570572991
965,-84.14218570572991
966,-84.14218570572991
967,-251.26780611307692
968,-84.14218570572991
969,-21050.171993014148
970,-84.14218570572991
971,-84.14218570572991
972,-84.14218570572991
973,-84.14218570572991
974,-84.14218570572991
975,-3041.5227511419353
976,-84.14218570572991
977,-84.14218570572991
978,-84.14218570572991
979,-23496.239559349895
980,-3994.5651757238147
981,-84.14218570572991
982,-6121.184383115562
983,-84.14218570572991
984,-84.14218570572991
985,-84.14218570572991
986,-84.14218570572991
987,-13783.471100304934
988,-371.923397199378
989,-84.14218570572991
990,-84.14218570572991
991,-84.14218570572991
992,-20450.8189002434
993,-84.14218570572991
994,-84.14218570572991
995,-84.14218570572991
996,-84.14218570572991
997,-84.14218570572991
998,-84.14218570572991
999,-84.14218570572991
1000,-84.14218570572991
1001,-84.14218570572991
1002,-6393.07681096562
1003,-84.14218570572991
1004,-84.14218570572991
1005,-84.14218570572991
1006,-84.14218570572991
1007,-84.14218570572991
1008,-2130.2854437047195
1009,-84.14218570572991
1010,-84.14218570572991
1011,-84.14218570572991
1012,-84.14218570572991
1013,-84.14218570572991
1014,-6304.522808250026
1015,-84.14218570572991
1016,-84.14218570572991
1017,-84.14218570572991
1018,-84.14218570572991
1019,-84.14218570572991
1020,-84.14218570572991
1021,-84.14218570572991
1022,-84.14218570572991
1023,-84.14218570572991
1024,-84.14218570572991
1025,-84.14218570572991
1026,-84.14218570572991
1027,-84.14218570572991
1028,-84.14218570572991
1029,-242.53273295297618
1030,-84.14218570572991
1031,-84.14218570572991
1032,-84.14218570572991
1033,-22681.554262632097
1034,-84.14218570572991
1035,-84.14218570572991
1036,-84.14218570572991
1037,-84.14218570572991
1038,-84.14218570572991
1039,-14465.196654371579
1040,-84.14218570572991
1041,-17301.267072902712
1042,-84.14218570572991
1043,-84.14218570572991
1044,-17383.692385502745
1045,-84.14218570572991
1046,-84.14218570572991
1047,-7613.658368579259
1048,-84.14218570572991
1049,-84.14218570572991
1050,-84.14218570572991
1051,-84.14218570572991
1052,-10980.083909079909
1053,-84.14218570572991
1054,-84.14218570572991
1055,-84.14218570572991
1056,-84.14218570572991
1057,-84.14218570572991
1058,-475.1093531418935
1059,-84.14218570572991
1060,-84.14218570572991
1061,-84.14218570572991
1062,-84.14218570572991
1063,-1921.6591927018321
1064,-84.14218570572991
1065,-84.14218570572991
1066,-84.14218570572991
1067,-4705.810888750726
1068,-84.14218570572991
1069,-84.14218570572991
1070,-84.14218570572991
1071,-84.14218570572991
1072,-84.14218570572991
1073,-84.14218570572991
1074,-5986.539290339064
1075,-84.14218570572991
1076,-84.14218570572991
1077,-6367.568007918962
1078,-84.14218570572991
1079,-84.14218570572991
1080,-554.9904943280399
1081,-84.14218570572991
1082,-84.14218570572991
1083,-84.14218570572991
1084,-84.14218570572991
1085,-84.14218570572991
1086,-11447.996451269171
1087,-84.14218570572991
1088,-84.14218570572991
1089,-84.14218570572991
1090,-2070.5606924389645
1091,-84.14218570572991
1092,-84.14218570572991
1093,-84.14218570572991
1094,-84.14218570572991
1095,-84.14218570572991
1096,-84.14218570572991
1097,-84.14218570572991
1098,-84.14218570572991
1099,-84.14218570572991
1100,-84.14218570572991
1101,-84.14218570572991
1102,-84.14218570572991
1103,-15529.164306829443
1104,-84.14218570572991
1105,-84.14218570572991
1106,-8681.944252224192
1107,-4571.742398001073
1108,-84.14218570572991
1109,-84.14218570572991
1110,-84.14218570572991
1111,-84.14218570572991
1112,-3158.414459241796
1113,-8751.204849676782
1114,-4119.581105080766
1115,-84.14218570572991
1116,-84.14218570572991
1117,-84.14218570572991
1118,-84.14218570572991
1119,-84.14218570572991
1120,-84.14218570572991
1121,-19290.72396926538
1122,-84.14218570572991
1123,-84.14218570572991
1124,-3478.980291077106
1125,-1676.7434655728407
1126,-84.14218570572991
1127,-84.14218570572991
1128,-6868.354061349655
1129,-84.14218570572991
1130,-84.14218570572991
1131,-84.14218570572991
1132,-84.14218570572991
1133,-84.14218570572991
1134,-84.14218570572991
1135,-84.14218570572991
1136,-84.14218570572991
1137,-84.14218570572991
1138,-12208.501037012822
1139,-6525.23907087468
1140,-842.2469793162514
1141,-84.14218570572991
1142,-2900.5377506962095
1143,-84.14218570572991
1144,-84.14218570572991
1145,-84.14218570572991
1146,-84.14218570572991
1147,-84.14218570572991
1148,-84.14218570572991
1149,-84.14218570572991
1150,-84.14218570572991
1151,-84.14218570572991
1152,-84.14218570572991
1153,-84.14218570572991
1154,-84.14218570572991
1155,-350.23986712710564
1156,-84.14218570572991
1157,-84.14218570572991
1158,-84.14218570572991
1159,-84.14218570572991
1160,-84.14218570572991
1161,-7556.787042228404
1162,-2988.3590631359475
1163,-84.14218570572991
1164,-84.14218570572991
1165,-84.14218570572991
1166,-1207.6212428154124
1167,-84.14218570572991
1168,-84.14218570572991
1169,-3692.033799095884
1170,-84.14218570572991
1171,-84.14218570572991
1172,-5582.8378611609605
1173,-84.14218570572991
1174,-84.14218570572991
1175,-84.14218570572991
1176,-84.14218570572991
1177,-24988.203602751313
1178,-7424.454054500638
1179,-15529.164306829443
1180,-4162.6793731125645
1181,-251.26780611307692
1182,-84.14218570572991
1183,-2783.612218080712
1184,-84.14218570572991
1185,-4959.6397000936795
1186,-84.14218570572991
1187,-84.14218570572991
1188,-12309.312357295754
1189,-84.14218570572991
1190,-84.14218570572991
1191,-7302.725096827163
1192,-84.14218570572991
1193,-84.14218570572991
1194,-84.14218570572991
1195,-84.14218570572991
1196,-4850.801009957083
1197,-84.14218570572991
1198,-84.14218570572991
1199,-2445.6270429349015
1200,-84.14218570572991
1201,-84.14218570572991
1202,-84.14218570572991
1203,-84.14218570572991
1204,-5757.744805270126
1205,-84.14218570572991
1206,-84.14218570572991
1207,-84.14218570572991
1208,-84.14218570572991
1209,-84.14218570572991
1210,-84.14218570572991
1211,-2358.1468344286022
1212,-84.14218570572991
1213,-84.14218570572991
1214,-84.14218570572991
1215,-84.14218570572991
1216,-17940.297406791164
1217,-1440.682793779576
1218,-84.14218570572991
1219,-84.14218570572991
1220,-84.14218570572991
1221,-84.14218570572991
1222,-84.14218570572991
1223,-84.14218570572991
1224,-3224.326467764702
1225,-84.14218570572991
1226,-10835.690825421188
1227,-84.14218570572991
1228,-17394.60116009457
1229,-1102.07145552315
1230,-84.14218570572991
1231,-84.14218570572991
1232,-84.14218570572991
1233,-84.14218570572991
1234,-2663.67896648261
1235,-84.14218570572991
1236,-84.14218570572991
1237,-84.14218570572991
1238,-84.14218570572991
1239,-84.14218570572991
1240,-84.14218570572991
1241,-84.14218570572991
1242,-84.14218570572991
1243,-84.14218570572991
1244,-84.14218570572991
1245,-84.14218570572991
1246,-84.14218570572991
1247,-84.14218570572991
1248,-84.14218570572991
1249,-84.14218570572991
1250,-1945.8853211402384
1251,-16663.431701821566
1252,-84.14218570572991
1253,-84.14218570572991
1254,-84.14218570572991
1255,-84.14218570572991
1256,-84.14218570572991
1257,-84.14218570572991
1258,-10479.921327528456
1259,-24581.707500770168
1260,-28235.853007227575
1261,-314.4802198384514
1262,-84.14218570572991
1263,-27099.602251392836
1264,-84.14218570572991
1265,-84.14218570572991
1266,-1713.7299040152143
1267,-84.14218570572991
1268,-84.14218570572991
1269,-84.14218570572991
1270,-84.14218570572991
1271,-84.14218570572991
1272,-84.14218570572991
1273,-84.14218570572991
1274,-17198.84736763414
1275,-84.14218570572991
1276,-84.14218570572991
1277,-84.14218570572991
1278,-84.14218570572991
1279,-7523.45460106127
1280,-84.14218570572991
1281,-84.14218570572991
1282,-12596.604791773228
1283,-84.14218570572991
1284,-84.14218570572991
1285,-84.14218570572991
1286,-84.14218570572991
1287,-5424.53529749066
1288,-84.14218570572991
1289,-84.14218570572991
1290,-84.14218570572991
1291,-84.14218570572991
1292,-84.14218570572991
1293,-84.14218570572991
1294,-84.14218570572991
1295,-84.14218570572991
1296,-84.14218570572991
1297,-84.14218570572991
1298,-84.14218570572991
1299,-4297.147867750446
1300,-1408.976168364015
1301,-3939.1053364020795
1302,-84.14218570572991
1303,-84.14218570572991
1304,-84.14218570572991
1305,-84.14218570572991
1306,-84.14218570572991
1307,-84.14218570572991
1308,-84.14218570572991
1309,-84.14218570572991
1310,-84.14218570572991
1311,-84.14218570572991
1312,-84.14218570572991
1313,-25437.95251477504
1314,-84.14218570572991
1315,-2295.351442268134
1316,-84.14218570572991
1317,-84.14218570572991
1318,-16930.833526530478
1319,-84.14218570572991
1320,-84.14218570572991
1321,-21026.85847952646
1322,-84.14218570572991
1323,-84.14218570572991
1324,-84.14218570572991
1325,-84.14218570572991
1326,-84.14218570572991
1327,-84.14218570572991
1328,-2740.095493923064
1329,-84.14218570572991
1330,-84.14218570572991
1331,-84.14218570572991
1332,-84.14218570572991
1333,-84.14218570572991
1334,-84.14218570572991
1335,-84.14218570572991
1336,-84.14218570572991
1337,-6685.276765394319
1338,-84.14218570572991
1339,-84.14218570572991
1340,-84.14218570572991
1341,-84.14218570572991
1342,-84.14218570572991
1343,-12520.515157188784
1344,-84.14218570572991
1345,-11139.532279986804
1346,-84.14218570572991
1347,-84.14218570572991
1348,-84.14218570572991
1349,-5310.619518972086
1350,-84.14218570572991
1351,-84.14218570572991
1352,-15929.265542132896
1353,-84.14218570572991
1354,-84.14218570572991
1355,-84.14218570572991
1356,-84.14218570572991
1357,-84.14218570572991
1358,-14877.303578050902
1359,-84.14218570572991
1360,-11322.117953429362
1361,-84.14218570572991
1362,-2104.1550155247237
1363,-84.14218570572991
1364,-84.14218570572991
1365,-84.14218570572991
1366,-13646.830523796692
1367,-84.14218570572991
1368,-84.14218570572991
1369,-84.14218570572991
1370,-965.4992025319389
1371,-2667.282946867852
1372,-5829.333401954286
1373,-84.14218570572991
1374,-84.14218570572991
1375,-84.14218570572991
1376,-84.14218570572991
1377,-84.14218570572991
1378,-11569.1722888017
1379,-459.2885417225742
1380,-84.14218570572991
1381,-84.14218570572991
1382,-3128.7967209905355
1383,-84.14218570572991
1384,-84.14218570572991
1385,-84.14218570572991
1386,-84.14218570572991
1387,-2727.7829236383122
1388,-7475.845614158264
1389,-84.14218570572991
1390,-84.14218570572991
1391,-6525.428784157942
1392,-84.14218570572991
1393,-84.14218570572991
1394,-84.14218570572991
1395,-84.14218570572991
1396,-84.14218570572991
1397,-84.14218570572991
1398,-84.14218570572991
1399,-84.14218570572991
1400,-84.14218570572991
1401,-277.2117304029892
1402,-84.14218570572991
1403,-3225.382439892983
1404,-84.14218570572991
1405,-84.14218570572991
1406,-84.14218570572991
1407,-84.14218570572991
1408,-84.14218570572991
1409,-84.14218570572991
1410,-8420.371040839766
1411,-84.14218570572991
1412,-84.14218570572991
1413,-1621.0094313194072
1414,-84.14218570572991
1415,-84.14218570572991
1416,-84.14218570572991
1417,-914.5772480490969
1418,-84.14218570572991
1419,-1230.240375450102
1420,-84.14218570572991
1421,-84.14218570572991
1422,-84.14218570572991
1423,-84.14218570572991
1424,-84.14218570572991
1425,-213.37885979117232
1426,-84.14218570572991
1427,-2666.8956835324443
1428,-84.14218570572991
1429,-84.14218570572991
1430,-2739.1416134407564
1431,-84.14218570572991
1432,-84.14218570572991
1433,-84.14218570572991
1434,-84.14218570572991
1435,-8176.344273604722
1436,-20696.37636351717
1437,-84.14218570572991
1438,-3444.8660040659443
1439,-5121.306484148134
1440,-84.14218570572991
1441,-5378.189062905507
1442,-84.14218570572991
1443,-84.14218570572991
1444,-84.14218570572991
1445,-84.14218570572991
1446,-84.14218570572991
1447,-84.14218570572991
1448,-84.14218570572991
1449,-84.14218570572991
1450,-84.14218570572991
1451,-84.14218570572991
1452,-84.14218570572991
1453,-84.14218570572991
1454,-2678.1318640663276
1455,-84.14218570572991
1456,-2175.2101319967087
1457,-84.14218570572991
1458,-84.14218570572991
1459,-84.14218570572991
1460,-5367.524591409092
1461,-84.14218570572991
1462,-84.14218570572991
1463,-84.14218570572991
1464,-84.14218570572991
1465,-84.14218570572991
1466,-84.14218570572991
1467,-3639.719920371912
1468,-4106.464106915714
1469,-799.1683593044318
1470,-84.14218570572991
1471,-2809.5585478574667
1472,-84.14218570572991
1473,-84.14218570572991
1474,-84.14218570572991
1475,-84.14218570572991
1476,-3325.839482970423
1477,-5591.611182719397
1478,-84.14218570572991
1479,-84.14218570572991
1480,-84.14218570572991
1481,-84.14218570572991
1482,-84.14218570572991
1483,-469.611709865494
1484,-84.14218570572991
1485,-84.14218570572991
1486,-84.14218570572991
1487,-4075.5375847150685
1488,-84.14218570572991
1489,-84.14218570572991
1490,-9122.947189979
1491,-84.14218570572991
1492,-1985.746603154369
1493,-84.14218570572991
1494,-84.14218570572991
1495,-84.14218570572991
1496,-13242.36809394156
1497,-84.14218570572991
1498,-84.14218570572991
1499,-12040.554411093692
1500,-84.14218570572991
1501,-7427.986865993686
1502,-84.14218570572991
1503,-84.14218570572991
1504,-84.14218570572991
1505,-84.14218570572991
1506,-7118.456145529775
1507,-84.14218570572991
1508,-84.14218570572991
1509,-84.14218570572991
1510,-1364.655840613772
1511,-84.14218570572991
1512,-84.14218570572991
1513,-84.14218570572991
1514,-84.14218570572991
1515,-84.14218570572991
1516,-84.14218570572991
1517,-84.14218570572991
1518,-84.14218570572991
1519,-84.14218570572991
1520,-84.14218570572991
1521,-1935.177923711323
1522,-84.14218570572991
1523,-794.0746641347814
1524,-84.14218570572991
1525,-15181.48133677723
1526,-84.14218570572991
1527,-84.14218570572991
1528,-84.14218570572991
1529,-84.14218570572991
1530,-84.14218570572991
1531,-84.14218570572991
1532,-84.14218570572991
1533,-84.14218570572991
1534,-84.14218570572991
1535,-84.14218570572991
1536,-3774.793288956412
1537,-84.14218570572991
1538,-84.14218570572991
1539,-666.010954577213
1540,-84.14218570572991
1541,-4952.195249516611
1542,-4416.468277470653
1543,-84.14218570572991
1544,-84.14218570572991
1545,-84.14218570572991
1546,-28507.254098084173
1547,-84.14218570572991
1548,-84.14218570572991
1549,-84.14218570572991
1550,-84.14218570572991
1551,-9178.8696403109
1552,-84.14218570572991
1553,-2072.9112518337674
1554,-19909.26638915145
1555,-1251.7185498128445
1556,-84.14218570572991
1557,-84.14218570572991
1558,-31664.147179003332
1559,-84.14218570572991
1560,-84.14218570572991
1561,-84.14218570572991
1562,-84.14218570572991
1563,-84.14218570572991
1564,-84.14218570572991
1565,-84.14218570572991
1566,-84.14218570572991
1567,-84.14218570572991
1568,-84.14218570572991
1569,-84.14218570572991
1570,-84.14218570572991
1571,-3977.23122106255
1572,-15514.5760124096
1573,-4999.998940443198
1574,-84.14218570572991
1575,-84.14218570572991
1576,-84.14218570572991
1577,-84.14218570572991
1578,-84.14218570572991
1579,-84.14218570572991
1580,-8842.219378899832
1581,-84.14218570572991
1582,-84.14218570572991
1583,-84.14218570572991
1584,-84.14218570572991
1585,-84.14218570572991
1586,-5515.689983151302
1587,-84.14218570572991
1588,-84.14218570572991
1589,-84.14218570572991
1590,-3214.4488333495556
1591,-84.14218570572991
1592,-84.14218570572991
1593,-14039.343318736275
1594,-21918.590243568415
1595,-84.14218570572991
1596,-9088.334155451223
1597,-84.14218570572991
1598,-4317.218680369935
1599,-84.14218570572991
1600,-84.14218570572991
1601,-84.14218570572991
1602,-4473.808063733522
1603,-84.14218570572991
1604,-84.14218570572991
1605,-84.14218570572991
1606,-84.14218570572991
1607,-84.14218570572991
1608,-84.14218570572991
1609,-84.14218570572991
1610,-84.14218570572991
1611,-11216.141343703797
1612,-84.14218570572991
1613,-5586.174343199976
1614,-2248.214982254855
1615,-84.14218570572991
1616,-84.14218570572991
1617,-84.14218570572991
1618,-19645.910322785236
1619,-84.14218570572991
1620,-84.14218570572991
1621,-24830.93890929528
1622,-84.14218570572991
1623,-538.6666615788806
1624,-84.14218570572991
1625,-84.14218570572991
1626,-84.14218570572991
1627,-84.14218570572991
1628,-760.3152289777493
1629,-11290.502602437115
1630,-84.14218570572991
1631,-84.14218570572991
1632,-84.14218570572991
1633,-84.14218570572991
1634,-84.14218570572991
1635,-28318.3970795171
1636,-84.14218570572991
1637,-84.14218570572991
1638,-7118.205615186834
1639,-84.14218570572991
1640,-16770.240328892032
1641,-3966.9045243730015
1642,-84.14218570572991
1643,-84.14218570572991
1644,-84.14218570572991
1645,-84.14218570572991
1646,-84.14218570572991
1647,-84.14218570572991
1648,-84.14218570572991
1649,-84.14218570572991
1650,-84.14218570572991
1651,-4095.984639405944
1652,-16086.828229280487
1653,-4391.6389901754565
1654,-11351.143654861326
1655,-84.14218570572991
1656,-84.14218570572991
1657,-84.14218570572991
1658,-84.14218570572991
1659,-84.14218570572991
1660,-84.14218570572991
1661,-84.14218570572991
1662,-84.14218570572991
1663,-84.14218570572991
1664,-84.14218570572991
1665,-84.14218570572991
1666,-12116.91903498354
1667,-14795.911583485791
1668,-84.14218570572991
1669,-84.14218570572991
1670,-84.14218570572991
1671,-1638.3812309906034
1672,-7200.243155263097
1673,-6712.733271950871
1674,-84.14218570572991
1675,-84.14218570572991
1676,-84.14218570572991
1677,-84.14218570572991
1678,-84.14218570572991
1679,-12899.495811584897
1680,-84.14218570572991
1681,-84.14218570572991
1682,-84.14218570572991
1683,-84.14218570572991
1684,-84.14218570572991
1685,-84.14218570572991
1686,-84.14218570572991
1687,-84.14218570572991
1688,-84.14218570572991
1689,-84.14218570572991
1690,-84.14218570572991
1691,-84.14218570572991
1692,-2832.730922920322
1693,-84.14218570572991
1694,-8168.570571798236
1695,-84.14218570572991
1696,-84.14218570572991
1697,-199.29068157410066
1698,-84.14218570572991
1699,-84.14218570572991
1700,-681.7534625935507
1701,-84.14218570572991
1702,-84.14218570572991
1703,-5705.508493986554
1704,-84.14218570572991
1705,-84.14218570572991
1706,-35771.39122665608
1707,-84.14218570572991
1708,-733.532947118201
1709,-84.14218570572991
1710,-84.14218570572991
1711,-2909.829284983165
1712,-84.14218570572991
1713,-84.14218570572991
1714,-84.14218570572991
1715,-3529.840805300581
1716,-84.14218570572991
1717,-9435.710987441627
1718,-7076.781524735101
1719,-84.14218570572991
1720,-84.14218570572991
1721,-1200.6649473323698
1722,-84.14218570572991
1723,-84.14218570572991
1724,-16079.116825323243
1725,-4087.493699499233
1726,-84.14218570572991
1727,-84.14218570572991
1728,-84.14218570572991
1729,-84.14218570572991
1730,-84.14218570572991
1731,-84.14218570572991
1732,-999.9736358894652
1733,-84.14218570572991
1734,-84.14218570572991
1735,-84.14218570572991
1736,-23180.4699335833
1737,-84.14218570572991
1738,-84.14218570572991
1739,-84.14218570572991
1740,-84.14218570572991
1741,-84.14218570572991
1742,-3129.2705110756656
1743,-84.14218570572991
1744,-84.14218570572991
1745,-84.14218570572991
1746,-84.14218570572991
1747,-84.14218570572991
1748,-395.1478240991547
1749,-1831.6136376667082
1750,-84.14218570572991
1751,-84.14218570572991
1752,-84.14218570572991
1753,-84.14218570572991
1754,-84.14218570572991
1755,-84.14218570572991
1756,-84.14218570572991
1757,-2568.827729267694
1758,-84.14218570572991
1759,-84.14218570572991
1760,-84.14218570572991
1761,-84.14218570572991
1762,-84.14218570572991
1763,-84.14218570572991
1764,-5868.149842990767
1765,-84.14218570572991
1766,-84.14218570572991
1767,-84.14218570572991
1768,-19854.5813493265
1769,-84.14218570572991
1770,-84.14218570572991
1771,-7537.886828481957
1772,-84.14218570572991
1773,-84.14218570572991
1774,-84.14218570572991
1775,-84.14218570572991
1776,-84.14218570572991
1777,-31823.805818658893
1778,-84.14218570572991
1779,-84.14218570572991
1780,-84.14218570572991
1781,-4883.805378529435
1782,-7931.225152140487
1783,-4767.694290059253
1784,-4413.008014546013
1785,-84.14218570572991
1786,-84.14218570572991
1787,-84.14218570572991
1788,-24703.047017942314
1789,-84.14218570572991
1790,-84.14218570572991
1791,-5337.477795062514
1792,-84.14218570572991
1793,-15447.080412954601
1794,-3309.8689300455867
1795,-84.14218570572991
1796,-18921.868844761346
1797,-84.14218570572991
1798,-2320.3381367867723
1799,-84.14218570572991
1800,-4191.099040491717
1801,-84.14218570572991
1802,-84.14218570572991
1803,-84.14218570572991
1804,-84.14218570572991
1805,-84.14218570572991
1806,-1850.0427843245745
1807,-84.14218570572991
1808,-84.14218570572991
1809,-6117.961706601644
1810,-3190.0575073046107
1811,-84.14218570572991
1812,-84.14218570572991
1813,-84.14218570572991
1814,-84.14218570572991
1815,-84.14218570572991
1816,-84.14218570572991
1817,-5000.000539937925
1818,-84.14218570572991
1819,-84.14218570572991
1820,-84.14218570572991
1821,-84.14218570572991
1822,-84.14218570572991
1823,-3535.9673093030297
1824,-84.14218570572991
1825,-3725.3567254189056
1826,-8887.28370450152
1827,-84.14218570572991
1828,-3114.56626301834
1829,-84.14218570572991
1830,-13842.251856570707
1831,-84.14218570572991
1832,-84.14218570572991
1833,-84.14218570572991
1834,-84.14218570572991
1835,-84.14218570572991
1836,-84.14218570572991
1837,-84.14218570572991
1838,-84.14218570572991
1839,-32257.568270289652
1840,-84.14218570572991
1841,-84.14218570572991
1842,-84.14218570572991
1843,-8360.254525339486
1844,-2815.4254436281467
1845,-84.14218570572991
1846,-84.14218570572991
1847,-7715.043083740414
1848,-84.14218570572991
1849,-84.14218570572991
1850,-11679.10906472731
1851,-84.14218570572991
1852,-12512.82279674424
1853,-84.14218570572991
1854,-84.14218570572991
1855,-84.14218570572991
1856,-145.72484428468974
1857,-84.14218570572991
1858,-10868.265535914088
1859,-84.14218570572991
1860,-84.14218570572991
1861,-84.14218570572991
1862,-84.14218570572991
1863,-2449.3281531719535
1864,-84.14218570572991
1865,-8769.798727641666
1866,-264.5897030327844
1867,-84.14218570572991
1868,-84.14218570572991
1869,-84.14218570572991
1870,-84.14218570572991
1871,-84.14218570572991
1872,-84.14218570572991
1873,-1410.3535605314457
1874,-84.14218570572991
1875,-8377.701042512635
1876,-84.14218570572991
1877,-84.14218570572991
1878,-6293.491116569721
1879,-1752.4334532559642
1880,-84.14218570572991
1881,-84.14218570572991
1882,-84.14218570572991
1883,-7412.137318097046
1884,-84.14218570572991
1885,-84.14218570572991
1886,-84.14218570572991
1887,-715.8708931845638
1888,-13703.861842538528
1889,-84.14218570572991
1890,-2095.626487000612
1891,-32281.53391213413
1892,-84.14218570572991
1893,-84.14218570572991
1894,-1901.1024449883944
1895,-84.14218570572991
1896,-84.14218570572991
1897,-3789.3341915113583
1898,-84.14218570572991
1899,-17458.455553578628
1900,-4887.014492357771
1901,-84.14218570572991
1902,-84.14218570572991
1903,-84.14218570572991
1904,-7961.084301733059
1905,-1927.406888276228
1906,-84.14218570572991
1907,-84.14218570572991
1908,-11110.273927248712
1909,-84.14218570572991
1910,-84.14218570572991
1911,-6916.846157434866
1912,-84.14218570572991
1913,-84.14218570572991
1914,-84.14218570572991
1915,-84.14218570572991
1916,-17749.373575060203
1917,-84.14218570572991
1918,-1315.137578148445
1919,-8783.208014552749
1920,-84.14218570572991
1921,-84.14218570572991
1922,-84.14218570572991
1923,-2545.3829835571714
1924,-84.14218570572991
1925,-84.14218570572991
1926,-84.14218570572991
1927,-5153.376200010256
1928,-84.14218570572991
1929,-6865.512505991221
1930,-1420.0528495804176
1931,-84.14218570572991
1932,-1132.0276642752035
1933,-84.14218570572991
1934,-84.14218570572991
1935,-84.14218570572991
1936,-84.14218570572991
1937,-84.14218570572991
1938,-84.14218570572991
1939,-4260.177277341802
1940,-84.14218570572991
1941,-5732.648551851832
1942,-84.14218570572991
1943,-84.14218570572991
1944,-84.14218570572991
1945,-3528.689179935979
1946,-13854.340382695536
1947,-84.14218570572991
1948,-84.14218570572991
1949,-84.14218570572991
1950,-84.14218570572991
1951,-84.14218570572991
1952,-3298.387571339336
1953,-84.14218570572991
1954,-3164.837835994308
1955,-8513.366391716223
1956,-84.14218570572991
1957,-84.14218570572991
1958,-84.14218570572991
1959,-84.14218570572991
1960,-84.14218570572991
1961,-875.1241753848981
1962,-84.14218570572991
1963,-84.14218570572991
1964,-84.14218570572991
1965,-84.14218570572991
1966,-84.14218570572991
1967,-84.14218570572991
1968,-84.14218570572991
1969,-84.14218570572991
1970,-3952.502070262347
1971,-84.14218570572991
1972,-84.14218570572991
1973,-84.14218570572991
1974,-84.14218570572991
1975,-4183.3254370172635
1976,-10916.597704473668
1977,-11709.345125458953
1978,-84.14218570572991
1979,-84.14218570572991
1980,-84.14218570572991
1981,-14348.76981901943
1982,-84.14218570572991
1983,-36130.94843887727
1984,-84.14218570572991
1985,-84.14218570572991
1986,-84.14218570572991
1987,-84.14218570572991
1988,-84.14218570572991
1989,-84.14218570572991
1990,-84.14218570572991
1991,-84.14218570572991
1992,-84.14218570572991
1993,-84.14218570572991
1994,-4921.47672088599
1995,-84.14218570572991
1996,-84.14218570572991
1997,-1399.985962419451
1998,-84.14218570572991
1999,-84.14218570572991
2000,-84.14218570572991
2001,-84.14218570572991
2002,-84.14218570572991
2003,-84.14218570572991
2004,-84.14218570572991
2005,-84.14218570572991
2006,-84.14218570572991
2007,-84.14218570572991
2008,-2349.069937355586
2009,-84.14218570572991
2010,-84.14218570572991
2011,-38695.658031782514
2012,-84.14218570572991
2013,-84.14218570572991
2014,-84.14218570572991
2015,-84.14218570572991
2016,-146.15274783108669
2017,-84.14218570572991
2018,-3318.862604561178
2019,-21286.61499171413
2020,-84.14218570572991
2021,-14580.10602722657
2022,-11344.714502045064
2023,-84.14218570572991
2024,-84.14218570572991
2025,-84.14218570572991
2026,-84.14218570572991
2027,-84.14218570572991
2028,-84.14218570572991
2029,-84.14218570572991
2030,-810.8883968457114
2031,-84.14218570572991
2032,-6712.733271950871
2033,-13971.727713995308
2034,-22935.05877535161
2035,-84.14218570572991
2036,-84.14218570572991
2037,-84.14218570572991
2038,-84.14218570572991
2039,-84.14218570572991
2040,-84.14218570572991
2041,-84.14218570572991
2042,-84.14218570572991
2043,-84.14218570572991
2044,-84.14218570572991
2045,-84.14218570572991
2046,-279.7661958238131
2047,-84.14218570572991
2048,-84.14218570572991
2049,-430.20593656044844
2050,-1272.049398001
2051,-84.14218570572991
2052,-84.14218570572991
2053,-84.14218570572991
2054,-3952.502070262347
2055,-84.14218570572991
2056,-12654.577791260264
2057,-84.14218570572991
2058,-26031.394824310773
2059,-84.14218570572991
2060,-84.14218570572991
2061,-84.14218570572991
2062,-84.14218570572991
2063,-84.14218570572991
2064,-84.14218570572991
2065,-9817.606122228306
2066,-84.14218570572991
2067,-2198.2632886965143
2068,-84.14218570572991
2069,-84.14218570572991
2070,-84.14218570572991
2071,-5037.675912537812
2072,-8709.106449838477
2073,-84.14218570572991
2074,-84.14218570572991
2075,-84.14218570572991
2076,-84.14218570572991
2077,-84.14218570572991
2078,-84.14218570572991
2079,-84.14218570572991
2080,-84.14218570572991
2081,-84.14218570572991
2082,-84.14218570572991
2083,-84.14218570572991
2084,-84.14218570572991
2085,-84.14218570572991
2086,-84.14218570572991
2087,-84.14218570572991
2088,-84.14218570572991
2089,-84.14218570572991
2090,-84.14218570572991
2091,-9586.811164096176
2092,-84.14218570572991
2093,-84.14218570572991
2094,-84.14218570572991
2095,-84.14218570572991
2096,-84.14218570572991
2097,-84.14218570572991
2098,-84.14218570572991
2099,-84.14218570572991
2100,-84.14218570572991
2101,-84.14218570572991
2102,-6940.829526051992
2103,-6745.858765448022
2104,-84.14218570572991
2105,-858.1294602304035
2106,-84.14218570572991
2107,-84.14218570572991
2108,-84.14218570572991
2109,-84.14218570572991
2110,-12081.964536057467
2111,-10153.356777908491
2112,-84.14218570572991
2113,-84.14218570572991
2114,-12610.30720951942
2115,-84.14218570572991
2116,-84.14218570572991
2117,-84.14218570572991
2118,-84.14218570572991
2119,-84.14218570572991
2120,-84.14218570572991
2121,-84.14218570572991
2122,-84.14218570572991
2123,-84.14218570572991
2124,-84.14218570572991
2125,-11092.005555472191
2126,-84.14218570572991
2127,-84.14218570572991
2128,-12623.997871951733
2129,-84.14218570572991
2130,-84.14218570572991
2131,-84.14218570572991
2132,-84.14218570572991
2133,-84.14218570572991
2134,-84.14218570572991
2135,-84.14218570572991
2136,-8719.179778369102
2137,-15550.680944238979
2138,-84.14218570572991
2139,-84.14218570572991
2140,-84.14218570572991
2141,-84.14218570572991
2142,-84.14218570572991
2143,-84.14218570572991
2144,-84.14218570572991
2145,-84.14218570572991
2146,-84.14218570572991
2147,-8018.401753858968
2148,-1009.9433037762674
2149,-84.14218570572991
2150,-84.14218570572991
2151,-11248.781205289315
2152,-1824.0288586808301
2153,-84.14218570572991
2154,-32263.249620512655
2155,-84.14218570572991
2156,-84.14218570572991
2157,-84.14218570572991
2158,-9388.681128318443
2159,-84.14218570572991
2160,-84.14218570572991
2161,-84.14218570572991
2162,-84.14218570572991
2163,-84.14218570572991
2164,-84.14218570572991
2165,-84.14218570572991
2166,-84.14218570572991
2167,-84.14218570572991
2168,-17803.030168772795
2169,-84.14218570572991
2170,-84.14218570572991
2171,-84.14218570572991
2172,-84.14218570572991
2173,-84.14218570572991
2174,-9483.894930604623
2175,-84.14218570572991
2176,-84.14218570572991
2177,-84.14218570572991
2178,-84.14218570572991
2179,-84.14218570572991
2180,-84.14218570572991
2181,-84.14218570572991
2182,-9729.42026139511
2183,-84.14218570572991
2184,-84.14218570572991
2185,-84.14218570572991
2186,-84.14218570572991
2187,-84.14218570572991
2188,-84.14218570572991
2189,-227.98198263203074
2190,-84.14218570572991
2191,-84.14218570572991
2192,-9205.866842987767
2193,-84.14218570572991
2194,-1899.6170163790262
2195,-84.14218570572991
2196,-84.14218570572991
2197,-84.14218570572991
2198,-84.14218570572991
2199,-84.14218570572991
2200,-84.14218570572991
2201,-84.14218570572991
2202,-84.14218570572991
2203,-8517.042625418446
2204,-84.14218570572991
2205,-84.14218570572991
2206,-84.14218570572991
2207,-84.14218570572991
2208,-84.14218570572991
2209,-84.14218570572991
2210,-84.14218570572991
2211,-84.14218570572991
2212,-84.14218570572991
2213,-9182.779502785559
2214,-84.14218570572991
2215,-84.14218570572991
2216,-84.14218570572991
2217,-84.14218570572991
2218,-84.14218570572991
2219,-841.0454234594717
2220,-84.14218570572991
2221,-84.14218570572991
2222,-84.14218570572991
2223,-84.14218570572991
2224,-84.14218570572991
2225,-84.14218570572991
2226,-84.14218570572991
2227,-1906.2368400928658
2228,-84.14218570572991
2229,-84.14218570572991
2230,-84.14218570572991
2231,-2578.292126744063
2232,-84.14218570572991
2233,-13285.955824482406
2234,-84.14218570572991
2235,-84.14218570572991
2236,-29372.043076431873
2237,-84.14218570572991
2238,-84.14218570572991
2239,-84.14218570572991
2240,-84.14218570572991
2241,-84.14218570572991
2242,-84.14218570572991
2243,-84.14218570572991
2244,-84.14218570572991
2245,-84.14218570572991
2246,-84.14218570572991
2247,-84.14218570572991
2248,-84.14218570572991
2249,-6176.567434064009
2250,-84.14218570572991
2251,-84.14218570572991
2252,-84.14218570572991
2253,-84.14218570572991
2254,-5538.566899702401
2255,-84.14218570572991
2256,-84.14218570572991
2257,-18318.968988639732
2258,-84.14218570572991
2259,-84.14218570572991
2260,-84.14218570572991
2261,-84.14218570572991
2262,-5757.382431313245
2263,-84.14218570572991
2264,-84.14218570572991
2265,-84.14218570572991
2266,-84.14218570572991
2267,-84.14218570572991
2268,-84.14218570572991
2269,-84.14218570572991
2270,-84.14218570572991
2271,-84.14218570572991
2272,-84.14218570572991
2273,-84.14218570572991
2274,-36869.24525329959
2275,-84.14218570572991
2276,-18613.886346756382
2277,-84.14218570572991
2278,-8350.33340728021
2279,-986.0427873415651
2280,-84.14218570572991
2281,-84.14218570572991
2282,-3515.3183904574776
2283,-84.14218570572991
2284,-84.14218570572991
2285,-84.14218570572991
2286,-84.14218570572991
2287,-84.14218570572991
2288,-84.14218570572991
2289,-84.14218570572991
2290,-84.14218570572991
2291,-84.14218570572991
2292,-84.14218570572991
2293,-84.14218570572991
2294,-84.14218570572991
2295,-4626.213279517373
2296,-84.14218570572991
2297,-84.14218570572991
2298,-84.14218570572991
2299,-84.14218570572991
2300,-84.14218570572991
2301,-84.14218570572991
2302,-84.14218570572991
2303,-84.14218570572991
2304,-14091.930349494378
2305,-84.14218570572991
2306,-2710.0424129599896
2307,-84.14218570572991
2308,-84.14218570572991
2309,-84.14218570572991
2310,-84.14218570572991
2311,-2910.354739275424
2312,-7354.623063942274
2313,-84.14218570572991
2314,-84.14218570572991
2315,-27441.276010783535
2316,-84.14218570572991
2317,-84.14218570572991
2318,-84.14218570572991
2319,-84.14218570572991
2320,-84.14218570572991
2321,-84.14218570572991
2322,-84.14218570572991
2323,-84.14218570572991
2324,-84.14218570572991
2325,-84.14218570572991
2326,-84.14218570572991
2327,-3896.836830164635
2328,-84.14218570572991
2329,-84.14218570572991
2330,-84.14218570572991
2331,-84.14218570572991
2332,-84.14218570572991
2333,-84.14218570572991
2334,-1020.2139667534766
2335,-84.14218570572991
2336,-812.8702614290212
2337,-21394.758643734094
2338,-84.14218570572991
2339,-84.14218570572991
2340,-84.14218570572991
2341,-84.14218570572991
2342,-3584.8505095236656
2343,-7287.44862776397
2344,-84.14218570572991
2345,-84.14218570572991
2346,-9015.340713904337
2347,-84.14218570572991
2348,-84.14218570572991
2349,-84.14218570572991
2350,-84.14218570572991
2351,-84.14218570572991
2352,-7564.595659364495
2353,-84.14218570572991
2354,-437.5751467883296
2355,-84.14218570572991
2356,-146.74374624725934
2357,-34747.76724604286
2358,-84.14218570572991
2359,-8811.864353425124
2360,-84.14218570572991
2361,-84.14218570572991
2362,-84.14218570572991
2363,-18077.338739797542
2364,-84.14218570572991
2365,-84.14218570572991
2366,-84.14218570572991
2367,-84.14218570572991
2368,-84.14218570572991
2369,-84.14218570572991
2370,224.43792856716664
2371,-1376.2871322129154
2372,-10966.223925585098
2373,-84.14218570572991
2374,-84.14218570572991
2375,-9178.8696403109
2376,-84.14218570572991
2377,-84.14218570572991
2378,-1312.4970851764167
2379,-84.14218570572991
2380,-84.14218570572991
2381,-84.14218570572991
2382,-2456.656755813373
2383,-84.14218570572991
2384,-84.14218570572991
2385,-84.14218570572991
2386,-84.14218570572991
2387,-84.14218570572991
2388,-200.06994044549606
2389,1021.4963047188451
2390,-7537.097832748879
2391,-84.14218570572991
2392,-84.14218570572991
2393,-84.14218570572991
2394,-84.14218570572991
2395,-10193.064683127117
2396,-84.14218570572991
2397,-84.14218570572991
2398,-84.14218570572991
2399,-84.14218570572991
2400,-84.14218570572991
2401,-18243.892635234886
2402,-435.5047430024602
2403,-84.14218570572991
2404,-84.14218570572991
2405,-84.14218570572991
2406,-84.14218570572991
2407,-84.14218570572991
2408,-84.14218570572991
2409,-2809.5585478574667
2410,-84.14218570572991
2411,-5071.482751566653
2412,-4166.8905131223
2413,-84.14218570572991
2414,-84.14218570572991
2415,-6334.27869413036
2416,-4191.477553344828
2417,-84.14218570572991
2418,-84.14218570572991
2419,-84.14218570572991
2420,-84.14218570572991
2421,-84.14218570572991
2422,-84.14218570572991
2423,-84.14218570572991
2424,-1771.1365352289395
2425,-84.14218570572991
2426,-84.14218570572991
2427,-84.14218570572991
2428,-84.14218570572991
2429,-84.14218570572991
2430,-84.14218570572991
2431,-84.14218570572991
2432,-10001.944030346875
2433,-84.14218570572991
2434,-84.14218570572991
2435,-2262.696600942032
2436,-84.14218570572991
2437,-84.14218570572991
2438,-84.14218570572991
2439,-84.14218570572991
2440,-84.14218570572991
2441,-1546.3703353077178
2442,-15268.849354210399
2443,-84.14218570572991
2444,-84.14218570572991
2445,-84.14218570572991
2446,-84.14218570572991
2447,-84.14218570572991
2448,-84.14218570572991
2449,-84.14218570572991
2450,-84.14218570572991
2451,-6745.858765448022
2452,-84.14218570572991
2453,-84.14218570572991
2454,-84.14218570572991
2455,-84.14218570572991
2456,-84.14218570572991
2457,-84.14218570572991
2458,-84.14218570572991
2459,-84.14218570572991
2460,-84.14218570572991
2461,-84.14218570572991
2462,-4850.801009957083
2463,-2458.528295874756
2464,-84.14218570572991
2465,-84.14218570572991
2466,-84.14218570572991
2467,-15807.675141062888
2468,-84.14218570572991
2469,-84.14218570572991
2470,-84.14218570572991
2471,-84.14218570572991
2472,-2941.3467965506115
2473,-84.14218570572991
2474,-84.14218570572991
2475,-84.14218570572991
2476,-84.14218570572991
2477,-84.14218570572991
2478,-84.14218570572991
2479,-14847.875800626443
2480,-84.14218570572991
2481,-14571.185063297136
2482,-84.14218570572991
2483,-94.26499117077597
2484,-2964.6281982745827
2485,-84.14218570572991
2486,-84.14218570572991
2487,-84.14218570572991
2488,-84.14218570572991
2489,-84.14218570572991
2490,-84.14218570572991
2491,-84.14218570572991
2492,-84.14218570572991
2493,-3827.5405885371465
2494,-84.14218570572991
2495,-4956.731432616069
2496,-84.14218570572991
2497,-35843.27851693823
2498,-35771.39122665608
2499,-84.14218570572991
2500,-3033.9491566429324
2501,-84.14218570572991
2502,-84.14218570572991
2503,-84.14218570572991
2504,-14910.542817885715
2505,-15046.891639681171
2506,-84.14218570572991
2507,-84.14218570572991
2508,-7165.214866838865
2509,-6985.749857581744
2510,-84.14218570572991
2511,-2213.1254429842193
2512,-84.14218570572991
2513,-7177.738816806997
2514,-5255.32553332338
2515,-966.7810850108889
2516,-84.14218570572991
2517,-84.14218570572991
2518,-84.14218570572991
2519,-84.14218570572991
2520,-84.14218570572991
2521,-3563.9112699924335
2522,-84.14218570572991
2523,-84.14218570572991
2524,-84.14218570572991
2525,-84.14218570572991
2526,-84.14218570572991
2527,-84.14218570572991
2528,-84.14218570572991
2529,-206.6479459269408
2530,-84.14218570572991
2531,-84.14218570572991
2532,-84.14218570572991
2533,-84.14218570572991
2534,-84.14218570572991
2535,-84.14218570572991
2536,-84.14218570572991
2537,-657.059293967621
2538,-122.0721101008352
2539,-84.14218570572991
2540,-84.14218570572991
2541,-23730.638754819534
2542,-1021.8975826989937
2543,-84.14218570572991
2544,-84.14218570572991
2545,-14160.984546442658
2546,-3686.594291014627
2547,-84.14218570572991
2548,-84.14218570572991
2549,-2951.217718153895
2550,-3697.232193093291
2551,-84.14218570572991
2552,-84.14218570572991
2553,-84.14218570572991
2554,-84.14218570572991
2555,-84.14218570572991
2556,-14609.445316342742
2557,-84.14218570572991
2558,-84.14218570572991
2559,-4715.360530892308
2560,-84.14218570572991
2561,-8614.044309873136
2562,-12152.331055896459
2563,-84.14218570572991
2564,-7032.176740876433
2565,-84.14218570572991
2566,-13822.90046805467
2567,-84.14218570572991
2568,-7382.576528196127
2569,-84.14218570572991
2570,-84.14218570572991
2571,-84.14218570572991
2572,-84.14218570572991
2573,-84.14218570572991
2574,-84.14218570572991
2575,-8668.195487887142
2576,-84.14218570572991
2577,-84.14218570572991
2578,-955.82041844223
2579,-84.14218570572991
2580,-84.14218570572991
2581,-84.14218570572991
2582,-18978.621243973776
2583,-84.14218570572991
2584,-84.14218570572991
2585,-6623.7329969843
2586,-84.14218570572991
2587,-84.14218570572991
2588,-949.0816339018138
2589,-84.14218570572991
2590,-84.14218570572991
2591,-84.14218570572991
2592,-84.14218570572991
2593,-84.14218570572991
2594,-84.14218570572991
2595,-2666.2203431289627
2596,-84.14218570572991
2597,-84.14218570572991
2598,-300.93471820408183
2599,-84.14218570572991
2600,-11399.47793042971
2601,-84.14218570572991
2602,-84.14218570572991
2603,-84.14218570572991
2604,-84.14218570572991
2605,-1550.998944296279
2606,-84.14218570572991
2607,-84.14218570572991
2608,-8776.468671525596
2609,-84.14218570572991
2610,-84.14218570572991
2611,-84.14218570572991
2612,-208.3405470694034
2613,-16375.81445999771
2614,-84.14218570572991
2615,-84.14218570572991
2616,-84.14218570572991
2617,-17937.66580073751
2618,-84.14218570572991
2619,-19260.554191841984
2620,-84.14218570572991
2621,-816.2847017241443
2622,-2944.527122285758
2623,-84.14218570572991
2624,-84.14218570572991
2625,-84.14218570572991
2626,-9140.362691563885
2627,-84.14218570572991
2628,-27145.04474376402
2629,-84.14218570572991
2630,-84.14218570572991
2631,-84.14218570572991
2632,-84.14218570572991
2633,-84.14218570572991
2634,-84.14218570572991
2635,-84.14218570572991
2636,-84.14218570572991
2637,-84.14218570572991
2638,-3399.597610305138
2639,-17733.669924626498
2640,-84.14218570572991
2641,-7874.445844971613
2642,-84.14218570572991
2643,-28349.861204623474
2644,-84.14218570572991
2645,-84.14218570572991
2646,-3766.213768519782
2647,-84.14218570572991
2648,-84.14218570572991
2649,-84.14218570572991
2650,-84.14218570572991
2651,-84.14218570572991
2652,-84.14218570572991
2653,-84.14218570572991
2654,-84.14218570572991
2655,-84.14218570572991
2656,-84.14218570572991
2657,-84.14218570572991
2658,-17561.002268133176
2659,-39177.864212543995
2660,-84.14218570572991
2661,-84.14218570572991
2662,-84.14218570572991
2663,-84.14218570572991
2664,-84.14218570572991
2665,-12075.597381400068
2666,-2267.2015628956706
2667,-84.14218570572991
2668,-84.14218570572991
2669,-84.14218570572991
2670,-4246.165429783305
2671,-84.14218570572991
2672,-7950.532122617983
2673,-84.14218570572991
2674,-84.14218570572991
2675,-4711.368797076721
2676,-84.14218570572991
2677,-84.14218570572991
2678,-1119.3007163624018
2679,-2126.193907700397
2680,-19932.217352980093
2681,-84.14218570572991
2682,-84.14218570572991
2683,-84.14218570572991
2684,-84.14218570572991
2685,-84.14218570572991
2686,-84.14218570572991
2687,-84.14218570572991
2688,-84.14218570572991
2689,-84.14218570572991
2690,-84.14218570572991
2691,-84.14218570572991
2692,-84.14218570572991
2693,-84.14218570572991
2694,-84.14218570572991
2695,-84.14218570572991
2696,-84.14218570572991
2697,-84.14218570572991
2698,-4847.203500775377
2699,-84.14218570572991
2700,-84.14218570572991
2701,-84.14218570572991
2702,-84.14218570572991
2703,-84.14218570572991
2704,-84.14218570572991
2705,-84.14218570572991
2706,-84.14218570572991
2707,-84.14218570572991
2708,-259.80361167021795
2709,-84.14218570572991
2710,-84.14218570572991
2711,-84.14218570572991
2712,-84.14218570572991
2713,-84.14218570572991
2714,-6269.030580266051
2715,-3587.492660013884
2716,-2980.425952275369
2717,-84.14218570572991
2718,-84.14218570572991
2719,-4311.65650304934
2720,-84.14218570572991
2721,-84.14218570572991
2722,-84.14218570572991
2723,-84.14218570572991
2724,-84.14218570572991
2725,-84.14218570572991
2726,-10029.455397559892
2727,-84.14218570572991
2728,-84.14218570572991
2729,-84.14218570572991
2730,-5001.668206064088
2731,-84.14218570572991
2732,-26155.315817812807
2733,-84.14218570572991
2734,-6013.450941061224
2735,-84.14218570572991
2736,-84.14218570572991
2737,-84.14218570572991
2738,-84.14218570572991
2739,-84.14218570572991
2740,-84.14218570572991
2741,-84.14218570572991
2742,-84.14218570572991
2743,-8101.840722467339
2744,-84.14218570572991
2745,-84.14218570572991
2746,-84.14218570572991
2747,-84.14218570572991
2748,-84.14218570572991
2749,-8589.485697207723
2750,-84.14218570572991
2751,-84.14218570572991
2752,-371.0432704430588
2753,-84.14218570572991
2754,-12332.35603462126
2755,-84.14218570572991
2756,-1256.0598787153108
2757,-84.14218570572991
2758,-84.14218570572991
2759,-84.14218570572991
2760,-84.14218570572991
2761,-84.14218570572991
2762,-84.14218570572991
2763,-7318.704709476302
2764,-84.14218570572991
2765,-84.14218570572991
2766,-8420.559067094111
2767,-5496.672229532471
2768,-84.14218570572991
2769,-84.14218570572991
2770,-84.14218570572991
2771,-84.14218570572991
2772,-84.14218570572991
2773,-26378.609469391933
2774,-84.14218570572991
2775,-15259.272646646654
2776,-8005.927448562717
2777,-84.14218570572991
2778,-2364.0028672158933
2779,-84.14218570572991
2780,-84.14218570572991
2781,-84.14218570572991
2782,-84.14218570572991
2783,-84.14218570572991
2784,-84.14218570572991
2785,-84.14218570572991
2786,-84.14218570572991
2787,-5689.68578885091
2788,-84.14218570572991
2789,-84.14218570572991
2790,477.96396235090583
2791,-35182.45344897969
2792,-84.14218570572991
2793,-713.2851130067866
2794,-84.14218570572991
2795,-84.14218570572991
2796,-84.14218570572991
2797,-84.14218570572991
2798,-84.14218570572991
2799,-8236.67559357514
2800,-84.14218570572991
2801,-84.14218570572991
2802,-84.14218570572991
2803,-3158.6350659397235
2804,-84.14218570572991
2805,-84.14218570572991
2806,-84.14218570572991
2807,-4495.275982183553
2808,-84.14218570572991
2809,-84.14218570572991
2810,-84.14218570572991
2811,-18613.886346756382
2812,-84.14218570572991
2813,-84.14218570572991
2814,-84.14218570572991
2815,-84.14218570572991
2816,-1334.3400325559387
2817,-19047.12712322029
2818,-84.14218570572991
2819,-84.14218570572991
2820,-84.14218570572991
2821,-84.14218570572991
2822,-5507.703426953071
2823,-33135.89474105289
2824,-84.14218570572991
2825,-84.14218570572991
2826,-84.14218570572991
2827,-84.14218570572991
2828,-3102.567660624566
2829,-84.14218570572991
2830,-84.14218570572991
2831,-84.14218570572991
2832,-84.14218570572991
2833,-2363.8665218811143
2834,-84.14218570572991
2835,-8551.801620482169
2836,-84.14218570572991
2837,-84.14218570572991
2838,-84.14218570572991
2839,-84.14218570572991
2840,-84.14218570572991
2841,-6447.835968288217
2842,-84.14218570572991
2843,-84.14218570572991
2844,-84.14218570572991
2845,-84.14218570572991
2846,-84.14218570572991
2847,-912.873311144582
2848,-84.14218570572991
2849,-84.14218570572991
2850,1113.7914496068975
2851,-84.14218570572991
2852,-84.14218570572991
2853,-84.14218570572991
2854,-84.14218570572991
2855,-84.14218570572991
2856,-84.14218570572991
2857,-84.14218570572991
2858,-84.14218570572991
2859,-84.14218570572991
2860,-2146.5644579503237
2861,-84.14218570572991
2862,-84.14218570572991
2863,-84.14218570572991
2864,-84.14218570572991
2865,-84.14218570572991
2866,-84.14218570572991
2867,-84.14218570572991
2868,-84.14218570572991
2869,-84.14218570572991
2870,-84.14218570572991
2871,-6935.661622062087
2872,-84.14218570572991
2873,-16208.540625602973
2874,-29305.65805307711
2875,-16274.754219800545
2876,-23869.5397556196
2877,-84.14218570572991
2878,-84.14218570572991
2879,-84.14218570572991
2880,-84.14218570572991
2881,-84.14218570572991
2882,-84.14218570572991
2883,-84.14218570572991
2884,-12406.445406591607
2885,-84.14218570572991
2886,-84.14218570572991
2887,-6903.217487936093
2888,-84.14218570572991
2889,-1293.86781086501
2890,-3152.851872011206
2891,-84.14218570572991
2892,-84.14218570572991
2893,-84.14218570572991
2894,-84.14218570572991
2895,-84.14218570572991
2896,-13812.038201066036
2897,-84.14218570572991
2898,-34982.06860210836
2899,-84.14218570572991
2900,-84.14218570572991
2901,-84.14218570572991
2902,-84.14218570572991
2903,-84.14218570572991
2904,-84.14218570572991
2905,-18773.696465242116
2906,-84.14218570572991
2907,-84.14218570572991
2908,-16909.5008620433
2909,-84.14218570572991
2910,-4785.337955803168
2911,-84.14218570572991
2912,-84.14218570572991
2913,-84.14218570572991
2914,-5459.790899823763
2915,-84.14218570572991
2916,-84.14218570572991
2917,-84.14218570572991
2918,-84.14218570572991
2919,-23407.242408009464
2920,-7276.391156347179
2921,-84.14218570572991
2922,-84.14218570572991
2923,-84.14218570572991
2924,-84.14218570572991
2925,-84.14218570572991
2926,-84.14218570572991
2927,-13907.212369092555
2928,-18582.752427767868
2929,-84.14218570572991
2930,-5621.368644199307
2931,-84.14218570572991
2932,-84.14218570572991
2933,-84.14218570572991
2934,-84.14218570572991
2935,-4062.7622766656955
2936,-2783.612218080712
2937,-84.14218570572991
2938,-84.14218570572991
2939,-84.14218570572991
2940,-84.14218570572991
2941,-84.14218570572991
2942,-4397.129223877673
2943,-84.14218570572991
2944,-444.95740432002174
2945,-595.8886154070424
2946,-84.14218570572991
2947,-84.14218570572991
2948,-84.14218570572991
2949,-84.14218570572991
2950,-84.14218570572991
2951,-84.14218570572991
2952,-2570.356791887959
2953,-84.14218570572991
2954,-84.14218570572991
2955,-20341.689136335888
2956,-84.14218570572991
2957,-84.14218570572991
2958,-84.14218570572991
2959,-1888.9271007372972
2960,-4793.4322324626
2961,-84.14218570572991
2962,-84.14218570572991
2963,-84.14218570572991
2964,-84.14218570572991
2965,-84.14218570572991
2966,-84.14218570572991
2967,-84.14218570572991
2968,-84.14218570572991
2969,-84.14218570572991
2970,-84.14218570572991
2971,-84.14218570572991
2972,-84.14218570572991
2973,-410.2649725680904
2974,-84.14218570572991
2975,-7502.663791174007
2976,-84.14218570572991
2977,-84.14218570572991
2978,-84.14218570572991
2979,-84.14218570572991
2980,-84.14218570572991
2981,-84.14218570572991
2982,-84.14218570572991
2983,-84.14218570572991
2984,-84.14218570572991
2985,-84.14218570572991
2986,-84.14218570572991
2987,-84.14218570572991
2988,-84.14218570572991
2989,-84.14218570572991
2990,-4932.846380572359
2991,-84.14218570572991
2992,-84.14218570572991
2993,-8714.009513950987
2994,-84.14218570572991
2995,-84.14218570572991
2996,-84.14218570572991
2997,-84.14218570572991
2998,-8324.90561125917
2999,-84.14218570572991
3000,-84.14218570572991
3001,-84.14218570572991
3002,-84.14218570572991
3003,-84.14218570572991
3004,-84.14218570572991
3005,-84.14218570572991
3006,-84.14218570572991
3007,-84.14218570572991
3008,-84.14218570572991
3009,-84.14218570572991
3010,-84.14218570572991
3011,-84.14218570572991
3012,-84.14218570572991
3013,-84.14218570572991
3014,-84.14218570572991
3015,-84.14218570572991
3016,-2146.8256856225225
3017,-84.14218570572991
3018,-84.14218570572991
3019,-84.14218570572991
3020,-84.14218570572991
3021,-84.14218570572991
3022,-84.14218570572991
3023,-84.14218570572991
3024,-84.14218570572991
3025,-84.14218570572991
3026,-84.14218570572991
3027,-3129.625496851678
3028,-84.14218570572991
3029,-84.14218570572991
3030,-84.14218570572991
3031,-84.14218570572991
3032,-84.14218570572991
3033,-84.14218570572991
3034,-2884.5194773236817
3035,-3600.284780745315
3036,-84.14218570572991
3037,-15591.293812596126
3038,-84.14218570572991
3039,-84.14218570572991
3040,-19092.27882330368
3041,-84.14218570572991
3042,-84.14218570572991
3043,-1803.8837456894698
3044,-84.14218570572991
3045,-84.14218570572991
3046,-3204.0966932567253
3047,-84.14218570572991
3048,-84.14218570572991
3049,-84.14218570572991
3050,-84.14218570572991
3051,-6466.780720558285
3052,-84.14218570572991
3053,-84.14218570572991
3054,-84.14218570572991
3055,-4160.176459862583
3056,-3046.8778874324307
3057,-84.14218570572991
3058,-84.14218570572991
3059,-28932.731356507007
3060,-8286.996095882978
3061,-621.8190440852529
3062,-84.14218570572991
3063,-4786.472239789685
3064,-84.14218570572991
3065,-84.14218570572991
3066,-84.14218570572991
3067,-84.14218570572991
3068,-2243.9599874835885
3069,-84.14218570572991
3070,-84.14218570572991
3071,-84.14218570572991
3072,-84.14218570572991
3073,-4452.786659327725
3074,-84.14218570572991
3075,-84.14218570572991
3076,-84.14218570572991
3077,-84.14218570572991
3078,-19885.2179896796
3079,-84.14218570572991
3080,-84.14218570572991
3081,-84.14218570572991
3082,-7221.712179615154
3083,-84.14218570572991
3084,-84.14218570572991
3085,-84.14218570572991
3086,-84.14218570572991
3087,-84.14218570572991
3088,-84.14218570572991
3089,-9394.567113326602
3090,-84.14218570572991
3091,-84.14218570572991
3092,-84.14218570572991
3093,-84.14218570572991
3094,-9097.710797112435
3095,-84.14218570572991
3096,-5028.925234366887
3097,-84.14218570572991
3098,-589.3914364398493
3099,-182.4692992164922
3100,-84.14218570572991
3101,-10897.711511549294
3102,-12778.267693821057
3103,-84.14218570572991
3104,-84.14218570572991
3105,-84.14218570572991
3106,-13436.24997099348
3107,-84.14218570572991
3108,-84.14218570572991
3109,-3107.0591859509477
3110,-84.14218570572991
3111,-10582.206163911304
3112,-84.14218570572991
3113,-84.14218570572991
3114,-84.14218570572991
3115,-84.14218570572991
3116,-84.14218570572991
3117,-84.14218570572991
3118,-84.14218570572991
3119,-84.14218570572991
3120,-84.14218570572991
3121,-84.14218570572991
3122,-84.14218570572991
3123,-4668.209898434228
3124,-84.14218570572991
3125,-17883.19280320691
3126,-84.14218570572991
3127,-2398.9734952317394
3128,-14435.175224998906
3129,-30199.657163690055
3130,-84.14218570572991
3131,-84.14218570572991
3132,-84.14218570572991
3133,-996.7223360475414
3134,-84.14218570572991
3135,-84.14218570572991
3136,-84.14218570572991
3137,-2045.5466947478683
3138,-84.14218570572991
3139,-84.14218570572991
3140,-84.14218570572991
3141,-84.14218570572991
3142,-10095.8250392961
3143,-84.14218570572991
3144,-84.14218570572991
3145,-84.14218570572991
3146,-84.14218570572991
3147,-84.14218570572991
3148,-84.14218570572991
3149,-12942.887656378945
3150,-15583.598478107164
3151,-84.14218570572991
3152,-84.14218570572991
3153,-622.9261034153857
3154,-84.14218570572991
3155,-84.14218570572991
3156,-1300.5818995795812
3157,-15764.354904579803
3158,-84.14218570572991
3159,-84.14218570572991
3160,-735.4698401174309
3161,-84.14218570572991
3162,-84.14218570572991
3163,-84.14218570572991
3164,-84.14218570572991
3165,-84.14218570572991
3166,-84.14218570572991
3167,-763.4911340122494
3168,-84.14218570572991
3169,-84.14218570572991
3170,-84.14218570572991
3171,-84.14218570572991
3172,-32796.264586109835
3173,-3415.9670401311723
3174,-2700.1309378041638
3175,-84.14218570572991
3176,-20341.689136335888
3177,-84.14218570572991
3178,-84.14218570572991
3179,-84.14218570572991
3180,-84.14218570572991
3181,-2910.2599289245586
3182,-84.14218570572991
3183,-84.14218570572991
3184,-84.14218570572991
3185,-84.14218570572991
3186,-3025.867015295692
3187,-84.14218570572991
3188,-84.14218570572991
3189,-84.14218570572991
3190,-84.14218570572991
3191,-4372.40572931717
3192,-2188.5809422936063
3193,-84.14218570572991
3194,-84.14218570572991
3195,-84.14218570572991
3196,-84.14218570572991
3197,-84.14218570572991
3198,-84.14218570572991
3199,-84.14218570572991
3200,-84.14218570572991
3201,-84.14218570572991
3202,-84.14218570572991
3203,-5666.36420712313
3204,-16274.754219800545
3205,-6820.133285908887
3206,-84.14218570572991
3207,-8811.864353425124
3208,-20142.506869576653
3209,-19074.502943114527
3210,-84.14218570572991
3211,-84.14218570572991
3212,-84.14218570572991
3213,-84.14218570572991
3214,-15655.938969071674
3215,-23120.84051224817
3216,-17163.778389597366
3217,-10997.76847569298
3218,-9831.249200197166
3219,-13399.59174278818
3220,-27643.826628342445
3221,-12758.308043837435
3222,-22522.991034481027
3223,-16373.505276442302
3224,-7638.646097340913
3225,-25094.830125312594
3226,-7202.083662448445
3227,-1020.2395772242953
3228,-11440.994182410428
3229,-9144.888526747309
3230,-7620.69909817603
3231,-11271.458477688968
3232,-11292.787148309035
3233,-25185.547935929695
3234,-1754.2474987664336
3235,-2177.5758667703208
3236,-4161.816766477479
3237,-5164.691568383158
3238,-1003.9003445230599
3239,-1084.1156352741632
3240,-7930.461383447902
3241,-11770.273662043941
3242,-26881.392442780067
3243,-6173.827346289707
3244,-19564.339709686454
3245,457.500287261991
3246,-6934.5907840970385
3247,-4227.951394005499
3248,-7033.3972547636695
3249,-19223.41655550484
3250,-84.14218570572991
3251,-8677.351297108693
3252,-84.14218570572991
3253,-4859.203720229494
3254,-589.5869990188403
3255,-6323.076644246272
3256,-1471.43495621152
3257,-16474.469695330637
3258,-4129.477262934008
3259,-22382.962866238886
3260,-10736.231904152663
3261,-5612.498359770378
3262,-21535.065939080887
3263,-16724.799432128922
3264,-2146.8486457246736
3265,-7144.47215307766
3266,-18975.418326969193
3267,-7931.236162206115
3268,-11288.803967936212
3269,-21603.76464310667
3270,-10071.098143903388
3271,-8764.484706179495
3272,-84.14218570572991
3273,-1996.5961155025698
3274,-84.14218570572991
3275,-13524.04744969683
3276,-3261.5779970024314
3277,-7215.790500156372
3278,-22303.447353423202
3279,-84.14218570572991
3280,-4189.617323334928
3281,-8930.822801680977
3282,-17300.04612785753
3283,-5513.750036815805
3284,-7633.869154466616
3285,-198.42875928865635
3286,-3073.426630699655
3287,-84.14218570572991
3288,-7546.369865859004
3289,-6460.432312576657
3290,-30809.321459152176
3291,-1635.0697771942612
3292,-6666.62048930768
3293,-13484.250599455354
3294,-27897.27102271872
3295,-5011.817546660311
3296,-6899.098312320825
3297,-16689.082241040363
3298,-12295.900054063117
3299,-1300.139450400215
3300,-84.14218570572991
3301,-17857.936035090268
3302,-84.14218570572991
3303,-9926.933818428168
3304,-6236.307789248479
3305,-9352.786469136861
3306,-4326.829547466701
3307,-5723.933864917497
3308,-23620.711131441793
3309,-14446.77330201343
3310,-530.6637982591878
3311,-6408.045375167291
3312,-8606.091281344678
3313,-16233.695628747952
3314,-6979.0607851666755
3315,-1804.4286065030233
3316,-84.14218570572991
3317,-5754.895587992121
3318,-11255.819297198512
3319,-2506.8225483767847
3320,-4847.188275787554
3321,-5368.163249325409
3322,-4391.4199614910385
3323,-12102.87015098577
3324,-13037.16353501024
3325,-8860.330012479399
3326,-6948.395040928319
3327,-15289.221011822763
3328,-84.14218570572991
3329,-3622.100609024702
3330,-32610.365239937943
3331,-31553.975493028487
3332,-18921.481446694117
3333,-6696.353040012222
3334,-6838.794053592593
3335,-2504.169203433339
3336,-6762.573912125733
3337,-9507.342295374201
3338,-12393.167692298468
3339,-28285.1049921008
3340,-30449.154910313435
3341,-12731.348702926618
3342,-8087.402218328931
3343,-84.14218570572991
3344,-6060.371381239498
3345,-84.14218570572991
3346,-21457.55741480396
3347,-13186.800230909756
3348,-3887.152898818575
3349,-23388.369371070938
3350,-3848.7009580225413
3351,-10652.92206619249
3352,-4480.045222055886
3353,-8523.226917464077
3354,-29800.88332047277
3355,-2623.7133788512037
3356,-3876.5472719703034
3357,-2839.640911171855
3358,-8650.58282298264
3359,-30325.232211489107
3360,-849.9714334083033
3361,-25573.23735581428
3362,-11469.759295755983
3363,7.324821354550778
3364,-14199.697966383235
3365,-8395.579905260054
3366,-8671.195611672425
3367,-16243.628856387004
3368,-5822.14794020096
3369,-84.14218570572991
3370,-84.14218570572991
3371,-3139.9674878798473
3372,-15432.656140511699
3373,-84.14218570572991
3374,-13166.362188499443
3375,-1711.711554108552
3376,-7594.958164760991
3377,-18349.169703971027
3378,-11565.05603777591
3379,-20368.217955994744
3380,-3950.5828954819017
3381,-3018.8412306809123
3382,-3161.809024145532
3383,-84.14218570572991
3384,-16999.098000899594
3385,-22750.79633650709
3386,-10608.866360225735
3387,-7810.87472455317
3388,-21587.52579649151
3389,-19915.93905209293
3390,-4505.835170602631
3391,-29073.36771622472
3392,-12237.132259445381
3393,-1590.0146244161408
3394,-3058.450972556123
3395,-7872.547418462247
3396,-12572.417394722279
3397,-7163.517800920781
3398,-133.1366549274727
3399,-27578.5747352123
3400,-20328.981474172942
3401,-18335.959800441837
3402,-9057.921596998574
3403,-19116.09495372099
3404,-1556.6169852774904
3405,-84.14218570572991
3406,-15927.401735995874
3407,-84.14218570572991
3408,-84.14218570572991
3409,-3121.4394701850047
3410,-12305.484299818634
3411,-7574.54878783894
3412,-9429.874765447463
3413,-5140.373656154783
3414,-13971.464258803811
3415,291.7981194348474
3416,-3189.622498740023
3417,-12845.51668453273
3418,-25992.931147549174
3419,-7998.5390971485485
3420,-8832.79633224636
3421,-8643.717381104085
3422,-16134.684258022904
3423,-22203.069903992142
3424,-15662.37105204686
3425,-2890.3626983378063
3426,-16225.702386545028
3427,-84.14218570572991
3428,-1886.045912607633
3429,-276.75621834394644
3430,-16185.78285592941
3431,-8969.283975914246
3432,-20706.658021358988
3433,-22568.424909195684
3434,-1802.1022430330959
3435,-11607.50432134869
3436,-84.14218570572991
3437,-7488.510830438389
3438,-21876.7329462071
3439,-3945.360503730741
3440,-22602.701276236457
3441,-4235.753256859308
3442,-8652.088169111827
3443,-2851.156468916672
3444,-15288.356204687421
3445,-9897.122757557876
3446,-4465.845333503397
3447,-6402.353476764861
3448,-5726.594389650909
3449,-4452.320310268013
3450,-24797.435056733597
3451,-21005.62508306981
3452,-9979.3103027165
3453,-7466.261221793126
3454,-84.14218570572991
3455,-235.44544897991756
3456,-30238.967102990973
3457,-10947.085405474569
3458,-5303.350242528211
3459,-18912.114167633976
3460,-1814.509367607492
3461,-19867.60606658896
3462,-10924.629291566402
3463,-18284.47400700315
3464,-84.14218570572991
3465,-10538.838995513584
3466,-7203.798005633317
3467,-4448.506036610403
3468,-2682.5994817857495
3469,-10537.887687634382
3470,-7449.231079396689
3471,-84.14218570572991
3472,-6142.391930931732
3473,-84.14218570572991
3474,-30962.196092721693
3475,-2458.952019938123
3476,-7859.5020842371305
3477,-1999.894111841469
3478,-2606.4426668870883
3479,-9175.084597042222
3480,-1867.3314452737889
3481,-12798.107625716188
3482,-9104.348865408188
3483,-16377.661560154938
3484,-9166.713448990802
3485,-5438.084942854434
3486,-5276.039116802648
3487,-4538.438075273964
3488,-31753.35261991415
3489,-2248.3019271027733
3490,-5596.404218931795
3491,-13002.747315821136
3492,-13014.086293977305
3493,-9469.77471486999
3494,-17567.689027776545
3495,-12281.146300739165
3496,-6184.126412762384
3497,-7155.988649691853
3498,-10829.638789792887
3499,-1425.0206008679706
3500,-3620.0318050790056
3501,-15685.52277713885
3502,-2578.904432606949
3503,-493.63774989559596
3504,-410.3819880141531
3505,-5130.7570888534465
3506,-13393.408605197437
3507,-6942.016680758192
3508,-6484.128744085834
3509,-5392.821330234564
3510,-7756.261912394051
3511,-9694.374830448278
3512,-7496.515707731458
3513,-6402.464307885921
3514,-7515.00396477682
3515,-3249.3752799460044
3516,-3764.7401036560677
3517,-16456.61213229741
3518,-9407.288179571167
3519,-29870.133362554334
3520,-8221.561878583561
3521,-3051.1841714748016
3522,-12397.377353616226
3523,-15313.852771421149
3524,-6989.628579032447
3525,-11997.47456991695
3526,-20248.682718950142
3527,-24842.729026744
3528,-11292.787148309035
3529,-23273.89001076128
3530,-13864.435997538436
3531,-15507.866479295473
3532,-26803.29275444948
3533,-4207.195361689839
3534,-15340.620141292879
3535,-4289.047409285295
3536,-5811.823355849194
3537,-26578.31621867043
3538,-1471.762738030773
3539,-26628.960480435962
3540,-3681.2956411644545
3541,-7910.368553325321
3542,-22490.480411278862
3543,-10168.124957430035
3544,-6208.988573848805
3545,-9518.69058196394
3546,-5595.178795249789
3547,-9950.500350987912
3548,-10602.332041500771
3549,-84.14218570572991
3550,-1630.3564909929137
3551,-6422.563307914581
3552,-84.14218570572991
3553,-4371.357475192364
3554,-2660.0110251910155
3555,-5651.6395489227425
3556,-4398.964270538717
3557,-6609.514587841705
3558,-4400.293498026321
3559,-7699.313839431254
3560,-29965.165509867205
3561,-14415.988690805643
3562,-34482.325082912284
3563,-20057.8458028456
3564,-29289.68792688311
3565,-5573.110238270273
3566,-3319.3886275243094
3567,-5880.050979874505
3568,-28285.1049921008
3569,-4764.236477714594
3570,-21105.789583521233
3571,-139.09336136194514
3572,-9449.873571987924
3573,-19789.08337379832
3574,-8566.380156932926
3575,-16010.372176580016
3576,-11449.04143046452
3577,-6780.335114606916
3578,-8171.77112134655
3579,-11401.05353423499
3580,-2463.11108433899
3581,-8106.673683647444
3582,-84.14218570572991
3583,-7427.9513422972595
3584,-25915.181160032298
3585,-14748.896640859235
3586,-24136.98546772135
3587,-16848.255361357493
3588,-28507.254098084173
3589,-9442.137248921357
3590,-13603.126667990487
3591,-4231.3386883938865
3592,-5743.267525603029
3593,-528.3971616608278
3594,-11900.331502546589
3595,-222.36070264557952
3596,-6920.712178871839
3597,-84.14218570572991
3598,-4463.596741888975
3599,-10629.825636000453
3600,-23054.58909440494
3601,-5519.88483020678
3602,-25210.81272658899
3603,-3116.495276632525
3604,-18676.827609344946
3605,-12162.839168812454
3606,-9001.956038045479
3607,-5.677294873622202
3608,-2300.988978244059
3609,-14393.500499168189
3610,-12105.26612826119
3611,-6737.376875022419
3612,-4892.232321158479
3613,-16144.37760150119
3614,-3868.161213022349
3615,-84.14218570572991
3616,-28115.5054262332
3617,-634.6504161760487
3618,-84.14218570572991
3619,-6475.858836632817
3620,-21705.24224244673
3621,-7012.077550136437
3622,-10582.793124411142
3623,-2675.329198703851
3624,-18709.481857754123
3625,-1490.0071261823946
3626,-9745.674837952722
3627,-7077.038288804649
3628,-2855.2258174197727
3629,-19552.339084840292
3630,-5661.387029501646
3631,-7456.192218735846
3632,-5763.923410378335
3633,-16083.371901849256
3634,-12577.758821271893
3635,-11898.371746398196
3636,-6602.3385223929145
3637,-18367.245730053044
3638,-15370.668289939596
3639,-30558.45966219227
3640,-214.97400525350696
3641,-1647.3121476299495
3642,-7682.238401999418
3643,-9987.316783114471
3644,-1067.13086536204
3645,-9562.22449021495
3646,-2120.250568976681
3647,-1879.3153130260253
3648,-9575.184237713214
3649,-14523.24169766318
3650,-3969.4438247468333
3651,-10354.209829171292
3652,-15288.373309533985
3653,-3870.829513422688
3654,-4832.916023450796
3655,-24257.059344000332
3656,-14171.950027593055
3657,-84.14218570572991
3658,-20685.622658559805
3659,-16742.19973626497
3660,-4552.747022592142
3661,-1635.0854055506413
3662,-16728.19337250253
3663,1308.4005505693485
3664,-13974.947327561396
3665,-14756.592492287411
3666,-5198.446772094945
3667,-84.14218570572991
3668,-13875.82056076148
3669,-572.3558157815048
3670,-3655.2937567029394
3671,-962.7673353084863
3672,-6139.612550372392
3673,-7163.517800920781
3674,-17942.683272522874
3675,-12878.537021672908
3676,-84.14218570572991
3677,-15177.978419910181
3678,-3490.680704844869
3679,-12486.283970924624
3680,-16408.66806993981
3681,-16597.885417928133
3682,-21621.533403132446
3683,-28007.14857381129
3684,-7607.13213215448
3685,-4569.303478412599
3686,-8534.092180671461
3687,-9241.04832406924
3688,-10615.345476091434
3689,-13481.650903166486
3690,-13591.901259371445
3691,-19134.559023085214
3692,-19013.132007151507
3693,-6599.242809778359
3694,-13489.227099549355
3695,-35029.47308146261
3696,-26523.95063294801
3697,-9743.704960616586
3698,-1429.807634475331
3699,-2938.9963417933495
3700,-12848.865190102146
3701,-7045.025685085875
3702,-6869.953953215425
3703,-15431.03501806843
3704,-4982.881071071937
3705,-11776.067017929672
3706,-14699.933672113175
3707,-84.14218570572991
3708,-4776.748874639597
3709,-12603.799013242642
3710,-781.3529280508908
3711,-25026.181430464458
3712,-8829.56825041334
3713,-16406.03936571994
3714,-22943.598472871956
3715,-20789.726059671822
3716,-2955.3206456645867
3717,-14239.602730023249
3718,-7765.012007195039
3719,-14019.587305428282
3720,-5021.984118703812
3721,-7925.576513899197
3722,-10403.113835096887
3723,-2861.5893259681316
3724,-5047.966130864859
3725,-8039.68698243005
3726,-84.14218570572991
3727,-9248.01779791142
3728,-26382.80001161791
3729,-9615.944638581464
3730,-2881.3838457443194
3731,-5133.564173206171
3732,-32896.61842728355
3733,-4018.52357599953
3734,-31606.93982060913
3735,-22013.46697217824
3736,-14212.320446661037
3737,-3459.8408710936833
3738,-11728.832691786933
3739,454.9918561781744
3740,-603.4131144319871
3741,-6377.030076492807
3742,-16417.79910627981
3743,-28532.386766676856
3744,-8506.776849685506
3745,-1348.0371508049589
3746,-24842.729026744
3747,-8707.406030744194
3748,-3387.9862220138775
3749,-4300.981680950008
3750,-11691.347876382795
3751,-11799.107922034125
3752,-4234.762082481076
3753,-9243.252476405974
3754,-5703.913852274163
3755,-22934.2085978996
3756,-25359.407134966183
3757,-4369.146203291744
3758,-11489.102674943726
3759,-6449.719715473468
3760,-12225.938015083988
3761,-13318.152677870898
3762,-8188.762639032275
3763,-11765.818184956133
3764,-6644.608517205852
3765,-2052.632373086475
3766,-1341.3635622198994
3767,-9369.675781698154
3768,-5884.319376610898
3769,-21537.04045157014
3770,-8253.507589896226
3771,-6379.6971765039125
3772,-6315.310243785218
3773,-11173.148608356794
3774,-4265.657691171478
3775,-5197.404331625464
3776,-16793.74089497475
3777,-5198.525749673562
3778,-7511.738338317424
3779,-5141.310981956646
3780,-16443.168507316823
3781,-5043.580180708819
3782,-4142.670270385412
3783,-7077.114482660313
3784,-1281.0607310171113
3785,-451.568951150439
3786,-13096.073528740893
3787,-9779.298717488893
3788,-4816.777278274109
3789,-8809.710028748417
3790,-11884.109479251765
3791,-36352.686240116804
3792,-4722.112105897735
3793,-16728.68262614867
3794,-84.14218570572991
3795,-1450.0637985756875
3796,-4158.519085566134
3797,-19261.76591665364
3798,-4361.546736312175
3799,-21052.84326159277
3800,-13027.904644759969
3801,-2891.0655973824837
3802,-15793.764092957957
3803,-11194.472433748777
3804,-12717.569933502056
3805,-30951.111862433892
3806,-2887.3731742046602
3807,-84.14218570572991
3808,-11136.277845085311
3809,-91.50700685133862
3810,-33633.27967361777
3811,-6337.055963038978
3812,-4049.9546334452166
3813,-15917.33270601998
3814,-31440.211581727162
3815,-84.14218570572991
3816,-8220.53302521209
3817,-3594.820053219627
3818,-4175.716546041267
